:ID,pr0:double,name,:LABEL
74562,1.7391625177095376E-4,Laurent Robert Blanc,Noun
74563,3.4556150840580984E-4,Coupe de France,Noun
74564,7.260429801689544E-4,Bordeaux,Noun
74565,0.0010612353946058007,manager,Noun
74566,9.581213636132524E-4,Ligue 1,Noun
74567,0.009408379371035492,French,Noun
74568,6.248453178377921E-4,Paris Saint-Germain,Noun
74569,0.012874218434532597,team,Noun
74570,0.001360490509186861,match,Noun
74571,0.0010114282581213056,Manchester United,Noun
74572,2.7071786516601865E-4,Lyon,Noun
74573,0.011229385944919299,club,Noun
74574,1.286980263105058E-4,UEFA Euro 2000,Noun
74575,1.2521970127508673E-4,Le Président,Noun
74576,3.108632595516655E-4,Inter Milan,Noun
74577,4.2199844082647605E-4,World Cup,Noun
74578,0.008941514250165506,player,Noun
74579,1.0782807609799136E-4,round,Noun
74580,1.0434975106257228E-4,Olympique de Marseille,Noun
74581,4.1592447264256373E-4,Marseille,Noun
74582,0.009306388437588183,goals,Noun
74583,0.0025878714695968153,goal,Noun
74584,0.001949606857289727,seasons,Noun
74585,0.011142123780754402,season,Noun
74586,2.2518296317101987E-4,centre-back,Noun
74587,1.6465931962882107E-4,Montpellier,Noun
74588,1.043380776449869E-4,quarter-finals,Noun
74589,9.451639662678375E-4,clubs,Noun
74590,2.0559332545066274E-4,international,Noun
74591,0.0030294431413226495,league,Noun
74592,4.5218225460447986E-5,Champions League,Noun
74593,0.007970313597897342,Barcelona,Noun
74594,6.767627862052395E-4,caps,Noun
74595,3.130492531877168E-5,UEFA Euro 2012,Noun
74596,0.0069286010437662904,career,Noun
74597,2.4348275247933534E-5,sweeper position,Noun
74598,0.0014456206111417914,matches,Noun
74599,2.45795903093788E-4,position,Noun
74600,0.0011953071306989153,title,Noun
74601,0.0024584816487002474,contract,Noun
74602,8.69315953909647E-5,Hope Patricia Powell,Noun
74603,0.0014911045239432619,England,Noun
74604,5.630894801643008E-4,women,Noun
74605,8.171569966750683E-5,1995 FIFA Women's World Cup,Noun
74606,0.0018493165775560828,footballer,Noun
74607,7.649980394404893E-5,Powell,Noun
74608,7.476117203622965E-5,Bromley Borough,Noun
74609,3.461988020109451E-4,FA Women's Cup,Noun
74610,6.954527631277175E-5,woman,Noun
74611,6.780664440495248E-5,results,Noun
74612,0.0014577917946104382,players,Noun
74613,6.100997715018025E-4,football team,Noun
74614,5.7374852958036704E-5,Football Association,Noun
74615,4.5107284482917277E-4,coach,Noun
74616,5.2158957234578825E-5,senior team,Noun
74617,5.042032532675953E-5,UEFA Pro Licence,Noun
74618,4.868169341894023E-5,CBE,Noun
74619,4.6943061511120945E-5,teacher,Noun
74620,0.0015818489381125907,English,Noun
74621,1.663396489221998E-4,finals,Noun
74622,9.174866158883373E-4,final,Noun
74623,3.303400624856658E-5,Croydon,Noun
74624,7.463445988149517E-4,Birmingham City,Noun
74625,1.0014874461462027E-4,Brighton & Hove Albion,Noun
74626,2.6079478617289412E-5,League,Noun
74627,3.3454713018401784E-4,country,Noun
74628,2.2602214801650823E-5,coach mentoring scheme,Noun
74629,0.003313995239702712,debut,Noun
74630,0.0010595352502912848,age,Noun
74631,2.952063533522412E-4,club level,Noun
74632,1.5647687170373647E-5,Alan May,Noun
74633,1.3909055262554354E-5,Debbie Bampton,Noun
74634,1.2170423354735058E-5,Brenda Sempare,Noun
74635,7.3267327688421E-5,FIFA Women's World Cup,Noun
74636,6.843108506972624E-5,double,Noun
74637,0.0031508567981748804,midfielder,Noun
74638,1.6493677272276154E-5,editions,Noun
74639,1.2065420887899505E-4,latter,Noun
74640,6.939113204487697E-5,Pieter Cornelis ``Piet'' Kraak,Noun
74641,3.499496944169059E-4,Netherlands,Noun
74642,6.38398414812868E-5,IJ.VV Stormvogels,Noun
74643,0.0014885216912289378,appearances,Noun
74644,0.0011869555752585296,goalkeeper,Noun
74645,5.967637355859418E-5,senior career,Noun
74646,1.5984301378695515E-4,Dutch,Noun
74647,5.551290563590158E-5,ferocity,Noun
74648,5.4125082995004025E-5,penalty area,Noun
74649,5.27372603541065E-5,1952 Summer Olympics.,Noun
74650,5.134943771320895E-5,score,Noun
74651,2.3937640074177992E-4,defeat,Noun
74652,4.718596979051633E-5,Denmark,Noun
74653,4.57981471496188E-5,1948 Summer Olympics,Noun
74654,4.4410324508721256E-5,Ed van Opzeeland,Noun
74655,9.529416392114746E-5,playing career,Noun
74656,2.3234005326233122E-4,most,Noun
74657,4.024685658602864E-5,others,Noun
74658,3.7471211304233565E-5,youth department,Noun
74659,1.6221578912287526E-4,rivals,Noun
74660,2.471763916763909E-4,member,Noun
74661,3.19199207406434E-5,Piet Heilig,Noun
74662,2.4980807536155703E-5,megaphones,Noun
74663,2.3592984895258164E-5,up.,Noun
74664,2.2205162254360628E-5,hotel manager,Noun
74665,7.4341363797921E-5,forward,Noun
74666,2.2509864739108177E-5,war,Noun
74667,1.0234670908067773E-4,absence,Noun
74668,1.2490403768077852E-5,Velox,Noun
74669,1.1102581127180314E-5,blunder,Noun
74670,7.656655287670426E-5,shoulder injury,Noun
74671,5.825867565702399E-4,win,Noun
74672,1.627757618041626E-4,total,Noun
74673,7.065647549688898E-4,game,Noun
74674,5.746228862512829E-6,order,Noun
74675,2.7756452817950785E-6,posts,Noun
74676,0.005983103335573638,football,Noun
74677,7.177986290032662E-5,Raúl Goni Bayo,Noun
74678,8.16454030090508E-4,defender,Noun
74679,0.001017939477304292,Spanish,Noun
74680,1.3514282397168295E-4,Zaragoza,Noun
74681,1.5434958038178101E-4,product,Noun
74682,6.460187661029397E-5,youth ranks,Noun
74683,1.3345843693094396E-4,Real Zaragoza,Noun
74684,3.617170888558168E-4,reserves,Noun
74685,7.175858719862995E-4,campaign,Noun
74686,0.0016649602209498665,loan,Noun
74687,5.1681501288235174E-5,Aragon,Noun
74688,1.308719251152296E-4,cap,Noun
74689,0.0014687107113258557,side,Noun
74690,4.737470951421557E-5,UD Almería,Noun
74691,6.309094070767609E-4,La Liga,Noun
74692,4.450351499820251E-5,Real Madrid Castilla,Noun
74693,1.424325002244643E-4,Segunda División B,Noun
74694,7.946308760317189E-5,starter,Noun
74695,3.1339513117817564E-4,draw,Noun
74696,1.8228616127380568E-4,Spain,Noun
74697,2.0720360845995873E-4,playoffs,Noun
74698,9.468002580491962E-4,games,Noun
74699,4.4057201298868274E-4,spell,Noun
74700,3.678500249011426E-5,Norway,Noun
74701,3.014754241813718E-5,Cartagena.,Noun
74702,7.121312176448303E-5,0,Noun
74703,2.727634790212412E-5,31 October 2007,Noun
74704,1.3067404240347218E-4,2010,Noun
74705,2.440515338611105E-5,10 February 2009,Noun
74706,8.002438095741591E-5,11,Noun
74707,4.452633885562578E-5,21,Noun
74708,9.724537469648141E-5,10,Noun
74709,1.8662764354084924E-5,12 October 1988,Noun
74710,9.56703634839209E-5,31,Noun
74711,1.579156983807186E-5,12,Noun
74712,3.159895125830168E-5,20,Noun
74713,9.924371887194787E-4,one,Noun
74714,8.732538521372325E-5,1988,Noun
74715,3.8989713195630574E-4,1,Noun
74716,1.4524772798160142E-4,2007,Noun
74717,3.826295220852811E-4,2,Noun
74718,7.110637806339596E-5,Neuton Sérgio Piccoli,Noun
74719,6.826212294086012E-5,Ypiranga,Noun
74720,5.353342874240354E-4,Brazilian,Noun
74721,3.447207152483229E-4,back,Noun
74722,6.257361269578844E-5,Ypiranga de Erechim,Noun
74723,6.115148513452054E-5,youth setup,Noun
74724,5.97293575732526E-5,Sul,Noun
74725,5.830723001198469E-5,Rio Grande,Noun
74726,5.688510245071677E-5,Gremio,Noun
74727,2.860571899037327E-4,victory,Noun
74728,9.098299006088633E-5,league debut,Noun
74729,2.8349483448442673E-4,first,Noun
74730,2.077657117072967E-4,home win,Noun
74731,3.69753165929659E-5,Pistoiese.,Noun
74732,1.1997098011202227E-4,league games,Noun
74733,6.418712333622167E-4,substitute,Noun
74734,3.051537335607388E-4,loss,Noun
74735,2.702042366409047E-5,Campeonato Gaúcho championship.,Noun
74736,2.5598296102822547E-5,Série A,Noun
74737,2.2754040980286706E-5,Internacional,Noun
74738,1.848765829648295E-5,UEFA Champions League.,Noun
74739,7.946578067348246E-5,league appearances,Noun
74740,1.1377020490143353E-5,September.,Noun
74741,8.567804553266267E-5,Lecce,Noun
74742,0.009454653211639241,Arsenal,Noun
74743,7.110637806339596E-6,Atlético Goianiense,Noun
74744,1.0796207328985472E-4,Atlético Paranaense,Noun
74745,2.844255122535838E-6,countries,Noun
74746,1.056088200567394E-4,Bolton Wanderers,Noun
74747,1.0906487367264347E-4,Wahbi Khazri,Noun
74748,2.8092829340034374E-4,success,Noun
74749,0.0015465232757088372,squad,Noun
74750,1.9059535711566029E-4,Tunisia,Noun
74751,7.634541157085043E-5,native,Noun
74752,6.543892420358608E-5,colors,Noun
74753,0.0010623395382883811,winger,Noun
74754,1.4924441516748628E-4,2022 FIFA World Cup,Noun
74755,7.56720918272899E-5,free kick,Noun
74756,4.7988544415963125E-5,Marc-Aurèle Caillard,Noun
74757,1.917217725151779E-4,Arabic,Noun
74758,4.144465199560451E-5,call,Noun
74759,5.83439650421215E-4,level,Noun
74760,9.116534252615862E-4,part,Noun
74761,2.1837037415186906E-4,Bastia,Noun
74762,7.742463335016093E-4,Ligue 2,Noun
74763,5.32529235423932E-4,promotion,Noun
74764,1.5269082314170083E-5,attention,Noun
74765,2.688006403371062E-4,youth,Noun
74766,1.0906487367264346E-5,tournaments,Noun
74767,0.005646875074375749,goalscorer,Noun
74768,1.0116365148681304E-4,career goal,Noun
74769,8.856182372615633E-5,Alexandre ``Álex'' Geijo Pazos,Noun
74770,7.793440487901756E-5,striker.,Noun
74771,7.616316840449443E-5,totals,Noun
74772,7.439193192997132E-5,process,Noun
74773,2.0813891302006503E-4,Segunda División,Noun
74774,1.6995358343054582E-4,levels,Noun
74775,6.199327660830943E-5,birth nation,Noun
74776,1.2432235926174246E-4,son,Noun
74777,5.8450803659263166E-5,Switzerland,Noun
74778,5.4908330710216926E-5,Levante,Noun
74779,7.801231261004852E-4,Italy,Noun
74780,5.136585776117067E-5,Málaga,Noun
74781,4.605214833760129E-5,Gianni De Biasi.,Noun
74782,1.0870473414011851E-4,Granada,Noun
74783,1.3377546121461182E-4,birth,Noun
74784,1.0963738445591447E-4,Racing de Santander,Noun
74785,2.863984162670435E-4,injury,Noun
74786,1.5941128270708137E-5,fibula injury,Noun
74787,1.4169891796185012E-5,Udinese Calcio,Noun
74788,1.2398655321661886E-5,medical.,Noun
74789,1.0627418847138759E-5,Cantabrians,Noun
74790,7.084945898092506E-6,training session.,Noun
74791,7.822537885138304E-5,remainder,Noun
74792,3.542472949046253E-6,fall,Noun
74793,1.7712364745231265E-6,goal scorer,Noun
74794,1.1247022786815176E-4,Almen Abdi,Noun
74795,0.002195481276411531,Watford,Noun
74796,1.079714187534257E-4,Zürich,Noun
74797,1.0347260963869962E-4,FC Zürich,Noun
74798,9.447499140924747E-5,shoulder,Noun
74799,8.547737317979534E-5,bench player,Noun
74800,1.0482071533369651E-4,Swiss,Noun
74801,8.097856406506925E-5,option,Noun
74802,7.647975495034322E-5,Sheffield Wednesday,Noun
74803,1.3060937435551215E-4,Le Mans,Noun
74804,5.108143339662986E-4,football career,Noun
74805,6.748213672089107E-5,youth academy,Noun
74806,1.3228723870490808E-4,league goal,Noun
74807,2.1742226721242026E-4,assists,Noun
74808,5.398570937671285E-5,Arthur Petrosyan,Noun
74809,5.173630481934981E-5,ranks.,Noun
74810,4.948690026198678E-5,Basel,Noun
74811,4.723749570462373E-5,Andrés Vasquez,Noun
74812,6.698585744076076E-4,Udinese,Noun
74813,2.474345013099339E-5,rumour,Noun
74814,2.2494045573630348E-5,team starter,Noun
74815,2.249404557363035E-6,qualification round,Noun
74816,1.3004657034926362E-4,Christopher Robert Iwelumo,Noun
74817,1.2744563894227833E-4,Football League Championship,Noun
74818,2.7518800518352933E-4,Scottish,Noun
74819,6.968243185803457E-4,start,Noun
74820,4.449125679992464E-4,Stoke City,Noun
74821,1.8408138604073099E-4,St Mirren,Noun
74822,1.1184005050036668E-4,Aarhus Fremad,Noun
74823,1.456850767719666E-4,Wolves,Noun
74824,1.3926443466999195E-4,event,Noun
74825,1.4378697186290474E-4,Preston North End,Noun
74826,8.15439661653954E-4,striker,Noun
74827,9.883539346544035E-5,York City,Noun
74828,0.008546887363377727,Premier League,Noun
74829,5.660506234070625E-4,teams,Noun
74830,8.583073643051398E-5,contribution,Noun
74831,0.005894904911895277,father,Noun
74832,4.250644510483091E-4,mother,Noun
74833,1.8970478319135103E-4,move,Noun
74834,6.502328517463181E-5,ɪˈwɛləmoʊ,Noun
74835,5.982142236066125E-5,qualifier,Noun
74836,5.201862813970544E-5,Scottish Football League,Noun
74837,4.1614902511764356E-5,coming,Noun
74838,2.9875703842123047E-4,youth system,Noun
74839,1.2143240351097368E-4,junior,Noun
74840,2.8610245476837996E-5,appeal,Noun
74841,2.600931406985272E-5,Nigerian,Noun
74842,1.2401807717257705E-4,Argentina,Noun
74843,2.0807451255882178E-5,Player of the Month,Noun
74844,1.8206519848896902E-5,2010 FIFA World Cup,Noun
74845,2.021484958157437E-4,Colchester United,Noun
74846,1.300465703492636E-5,injury setback,Noun
74847,7.802794220955816E-6,Sean St Ledger.,Noun
74848,1.3255211114865628E-4,František Plánička,Noun
74849,3.383878334226417E-4,Czech,Noun
74850,1.2459898447973692E-4,Slavia Prague,Noun
74851,2.2348619805768053E-4,history,Noun
74852,0.0010188089284386636,pronunciation,Noun
74853,1.0073960447297879E-4,Czechoslovak,Noun
74854,6.220577567720756E-4,times,Noun
74855,7.038556202169557E-4,captain,Noun
74856,1.319562490366527E-4,injury.,Noun
74857,7.953126668919378E-5,ˈfraɲcɪʃɛk ˈplaːɲɪtʃka,Noun
74858,7.688022446622066E-5,lead,Noun
74859,6.892709779730126E-5,Mitropa Cup,Noun
74860,1.124446508230282E-4,runner-up,Noun
74861,5.567188668243564E-5,Central European International Cup,Noun
74862,5.302084445946251E-5,1938 World Cup,Noun
74863,5.0369802236489395E-5,extent,Noun
74864,4.771876001351626E-5,reflexes,Noun
74865,4.5067717790543136E-5,field,Noun
74866,0.005853473905114809,Juventus,Noun
74867,3.976563334459689E-5,goalkeepers,Noun
74868,3.1812506675677515E-5,Brazil,Noun
74869,2.6510422229731256E-5,The Cat of Prague.,Noun
74870,2.385938000675813E-5,shot,Noun
74871,1.5906253337838758E-5,style,Noun
74872,7.953126668919379E-6,best,Noun
74873,8.413683622643023E-5,Marco Cassetti,Noun
74874,2.606855968479686E-4,Roma,Noun
74875,8.077136277737305E-5,Montichiari,Noun
74876,7.820804884264663E-4,Italian,Noun
74877,3.164203278179977E-4,right-back,Noun
74878,6.394399553208698E-5,ˈmarko kasˈsetti,Noun
74879,1.51250635936124E-4,defender.,Noun
74880,5.216483846038675E-5,Brescia,Noun
74881,5.048210173585815E-5,Mirko Vučinić,Noun
74882,4.7116628286800937E-5,Verona,Noun
74883,7.761345178806296E-4,Serie A,Noun
74884,4.375115483774372E-5,capital club,Noun
74885,4.038568138868652E-5,Rudi Garcia,Noun
74886,3.870294466415791E-5,Luis Enrique,Noun
74887,3.702020793962931E-5,Como.,Noun
74888,2.3558314143400468E-5,sub,Noun
74889,2.019284069434326E-5,province,Noun
74890,4.3646863289950084E-4,deal,Noun
74891,1.009642034717163E-5,registration rights,Noun
74892,5.048210173585815E-6,centre-back player,Noun
74893,6.905076820956727E-5,José María Movilla Cubero,Noun
74894,6.490772211699323E-5,Atlético Madrid,Noun
74895,6.352670675280189E-5,Rayo,Noun
74896,5.800264529603651E-5,graduate,Noun
74897,5.662162993184515E-5,system,Noun
74898,5.3859599203462476E-5,Ourense.,Noun
74899,7.827602658392564E-4,Real Madrid,Noun
74900,6.271327621714667E-5,Madrid,Noun
74901,4.971655311088844E-5,Aragonese,Noun
74902,4.833553774669708E-5,Javier Clemente,Noun
74903,5.027329602309629E-5,birthday,Noun
74904,9.79585669773137E-5,division,Noun
74905,9.613536677828996E-5,campaigns,Noun
74906,1.7862767788635905E-4,relegation,Noun
74907,6.712733741303462E-5,flight,Noun
74908,1.6240552492071563E-4,home,Noun
74909,2.6239291919635563E-5,dismissal,Noun
74910,1.9334215098678833E-5,days.,Noun
74911,1.4977975236304462E-4,return,Noun
74912,1.3810153641913453E-5,Andalusia,Noun
74913,1.242913827772211E-5,Málaga CF,Noun
74914,1.1048122913530762E-5,CD Numancia,Noun
74915,9.667107549339417E-6,CDC Moscardó,Noun
74916,5.524061456765381E-6,home loss,Noun
74917,4.143046092574037E-6,Real Murcia,Noun
74918,2.7620307283826904E-6,Paco Gallardo,Noun
74919,1.3810153641913452E-6,Copa del Rey.,Noun
74920,6.096848673316271E-5,Felipe Patavino Saad,Noun
74921,5.6091007794509676E-5,Paysandu Botafogo Guingamp,Noun
74922,2.593427412832258E-4,Strasbourg,Noun
74923,5.365226832518317E-5,Caen,Noun
74924,9.633730123278941E-5,defenders,Noun
74925,5.648417561597591E-4,competition,Noun
74926,4.7555419651866914E-5,arrivals,Noun
74927,4.6336049917203656E-5,league rivals,Noun
74928,4.3897310447877146E-5,recruiter,Noun
74929,4.267794071321389E-5,consultant,Noun
74930,4.145857097855064E-5,Paris FC,Noun
74931,3.901983150922413E-5,translator.,Noun
74932,3.7800461774560874E-5,coordinator.,Noun
74933,3.658109203989762E-5,Lorient,Noun
74934,3.536172230523437E-5,Julien Laporte,Noun
74935,3.414235257057112E-5,Thomas Fontaine,Noun
74936,3.292298283590786E-5,Rennes.,Noun
74937,5.403711483296446E-5,descent,Noun
74938,2.92648736319181E-5,great-grandfather.,Noun
74939,4.842985677680361E-5,role,Noun
74940,2.3168024958601828E-5,scout,Noun
74941,2.1948655223938573E-5,Lebanese,Noun
74942,2.072928548927532E-5,Vitória,Noun
74943,1.9509915754612066E-5,RMC.,Noun
74944,3.286256820163752E-4,3,Noun
74945,2.5654890954309162E-5,2009,Noun
74946,1.58518065506223E-5,July 2015,Noun
74947,1.463243681595905E-5,July 2019,Noun
74948,4.674131229383711E-5,2019,Noun
74949,1.219369734663254E-5,2020,Noun
74950,1.0974327611969286E-5,March 2022,Noun
74951,1.7423251241171107E-4,2015,Noun
74952,1.3776796806148474E-4,6,Noun
74953,4.9794534928539525E-5,9,Noun
74954,1.2193697346632541E-6,11 September 1983,Noun
74955,8.414586200111354E-5,Lars Hening Joel Ekstrand,Noun
74956,7.573127580100218E-5,AIK,Noun
74957,7.068252408093539E-5,Helsingborgs IF,Noun
74958,1.1712182462947597E-4,line,Noun
74959,6.731668960089083E-5,Swedish,Noun
74960,3.7724008127361727E-4,leg,Noun
74961,6.226793788082402E-5,Lunds BK,Noun
74962,6.058502064080176E-5,Rasmus Jönsson,Noun
74963,1.0228960954581657E-4,Sweden,Noun
74964,5.385335168071266E-5,Quique Sánchez Flores,Noun
74965,1.8325186752886797E-4,UEFA Cup,Noun
74966,5.048751720066812E-5,Philips Stadion,Noun
74967,3.197542756042315E-5,groin injury,Noun
74968,2.524375860033406E-5,league matches,Noun
74969,6.221572548399172E-4,time,Noun
74970,2.2378321891551798E-4,team debut,Noun
74971,1.4163054041383397E-4,knee injury,Noun
74972,1.5687481097356322E-4,youth player,Noun
74973,1.46585110022724E-4,Jonathan Lee Hogg,Noun
74974,1.4365340782226951E-4,Villa,Noun
74975,3.551962033157143E-4,reserve team,Noun
74976,3.0041577840840485E-4,Huddersfield Town,Noun
74977,1.3192659902045158E-4,captains,Noun
74978,1.6562951982700494E-4,hometown club,Noun
74979,3.2034974775013865E-4,EFL Championship,Noun
74980,9.96778748154523E-5,Terriers,Noun
74981,9.674617261499781E-5,cruciate ligament injury,Noun
74982,9.381447041454336E-5,Premier Reserve League,Noun
74983,3.804103793433239E-4,Aston Villa,Noun
74984,8.79510660136344E-5,Troy Deeney,Noun
74985,8.208766161272542E-5,progress,Noun
74986,1.8163875141015605E-4,Middlesbrough,Noun
74987,6.742915061045303E-5,Darlington,Noun
74988,6.449744840999853E-5,Peace Cup,Noun
74989,6.156574620954406E-5,Anthony Knockaert,Noun
74990,4.983893740772615E-5,North Yorkshire.,Noun
74991,4.690723520727168E-5,Play-Off Semifinal,Noun
74992,5.0513634368297085E-5,Kasper Schmeichel,Noun
74993,7.433895964214192E-5,Manuel Almunia,Noun
74994,3.518042640545375E-5,corner,Noun
74995,2.2643149480664363E-4,winner,Noun
74996,1.172680880181792E-5,Portsmouth,Noun
74997,5.86340440090896E-6,Carlos Corberán,Noun
74998,8.81721012602515E-5,Álvaro Rubio Robles,Noun
74999,7.75914491090213E-5,Valladolid,Noun
75000,2.080910889780538E-4,Albacete,Noun
75001,2.9064571821869135E-4,tournament,Noun
75002,5.113981873094587E-5,unit,Noun
75003,4.0559166579715695E-5,Segunda División.,Noun
75004,2.645163037807545E-5,professional,Noun
75005,2.0152143823351672E-4,injuries,Noun
75006,1.7634420252050303E-5,problems,Noun
75007,1.587097822684527E-5,Rubio,Noun
75008,1.0580652151230181E-5,La Rioja,Noun
75009,8.817210126025152E-6,Logroño,Noun
75010,7.053768100820121E-6,Albacete Balompié,Noun
75011,5.2903260756150906E-6,Castile-La Mancha,Noun
75012,2.5069817191556673E-4,champions,Noun
75013,1.0938267118521166E-4,Benoît Trémoulinas,Noun
75014,3.242755874642327E-4,left-back,Noun
75015,1.6508738870725325E-4,youth contract,Noun
75016,8.969379037187354E-5,Dynamo Kyiv,Noun
75017,1.7322682519818058E-4,honours,Noun
75018,8.555911352053315E-4,competitions,Noun
75019,7.875552325335239E-5,silverware,Noun
75020,7.656786982964818E-5,pieces,Noun
75021,7.438021640594395E-5,Laurent Blanc,Noun
75022,8.336401076861314E-5,UEFA Europa League,Noun
75023,7.000490955853547E-5,Sevilla,Noun
75024,1.2603838095311324E-4,league match,Noun
75025,1.1902308453980737E-4,US,Noun
75026,5.6878989016310065E-5,Lormont,Noun
75027,5.469133559260583E-5,Gironde,Noun
75028,5.031602874519736E-5,contract.,Noun
75029,2.708169353602506E-4,citation,Noun
75030,5.523526980917637E-4,retirement,Noun
75031,3.500245477926773E-5,backup,Noun
75032,3.3839126114829223E-4,shirt,Noun
75033,1.5313573965929635E-5,Franck Jurietti,Noun
75034,1.3929665507681456E-4,number,Noun
75035,2.1876534237042333E-6,preparation,Noun
75036,6.06802760729696E-5,Karen Louise Bardsley,Noun
75037,5.582585398713204E-5,WPS Player of the Month,Noun
75038,3.242717261612419E-4,Manchester City,Noun
75039,4.5503562878386033E-4,Great Britain,Noun
75040,5.2185037422753856E-5,Linköpings FC,Noun
75041,5.097143190129448E-5,varsity soccer team,Noun
75042,4.975782637983508E-5,recovery.,Noun
75043,4.73306153369163E-5,"California State University, Fullerton",Noun
75044,4.61170098154569E-5,Big West Conference,Noun
75045,4.368979877253812E-5,Ayala High School,Noun
75046,4.247619325107872E-5,league championship,Noun
75047,7.492957304943288E-5,state,Noun
75048,3.762177116524116E-5,quarterfinals,Noun
75049,1.6749563833185567E-4,Goalkeeper of the Year,Noun
75050,3.398095460086299E-5,Sierra League Most Valuable Player,Noun
75051,6.193056421091258E-5,Sky Blue FC,Noun
75052,3.1553743557944194E-5,2009 Women's Professional Soccer Playoffs,Noun
75053,3.03401380364848E-5,American,Noun
75054,2.9126532515025414E-5,Ajax America Women,Noun
75055,6.922344089087481E-4,place,Noun
75056,1.9081824197022024E-4,Hope Powell,Noun
75057,2.630901075068312E-5,college,Noun
75058,9.525727055386586E-5,levels.,Noun
75059,1.9417688343350276E-5,Sierra League,Noun
75060,1.820408282189088E-5,programs,Noun
75061,1.6990477300431493E-5,suburb,Noun
75062,3.4679150392177184E-5,girls,Noun
75063,8.765045185182439E-5,parents,Noun
75064,1.3349660736053314E-5,graphic design major,Noun
75065,5.955367760383632E-5,senior,Noun
75066,1.092244969313453E-5,track,Noun
75067,9.708844171675138E-6,javelin,Noun
75068,1.37976414013992E-5,American Women's Professional Soccer,Noun
75069,1.2136055214593923E-6,women's soccer team,Noun
75070,6.102454683959148E-5,Connor Michael Smith,Noun
75071,5.980405590279964E-5,Barnet,Noun
75072,1.2699855855519991E-4,National League,Noun
75073,9.164451154853918E-5,Wealdstone,Noun
75074,5.248111028204867E-5,AFC Wimbledon,Noun
75075,5.1260619345256844E-5,prominence,Noun
75076,1.93478218152893E-4,Irish,Noun
75077,4.759914653488136E-5,television show,Noun
75078,4.6378655598089524E-5,academy setup,Noun
75079,4.271718278771403E-5,Ireland,Noun
75080,4.149669185092221E-5,Ben Greenhalgh,Noun
75081,4.027620091413038E-5,Football's Next Star.,Noun
75082,2.8071291546212075E-5,Isthmian League,Noun
75083,1.2237914127571E-4,consent,Noun
75084,1.8619230557177495E-4,end,Noun
75085,6.834211279144573E-5,tie,Noun
75086,4.29684609852214E-5,release,Noun
75087,1.4645891241501955E-5,Britt Assombalonga.,Noun
75088,1.0984418431126465E-5,Boreham Wood.,Noun
75089,9.763927494334637E-6,Plymouth,Noun
75090,7.322945620750977E-6,League Two,Noun
75091,8.425753775951697E-5,stint,Noun
75092,6.84154851409378E-5,Yeovil Town,Noun
75093,6.134299185752577E-5,Stevenage,Noun
75094,2.4409818735836593E-6,Dons,Noun
75095,1.918592900620331E-4,Crystal Palace,Noun
75096,2.612598000375235E-4,Manuel Almunia Rivero,Noun
75097,2.9977533929768474E-4,Recreativo,Noun
75098,2.4558421203527207E-4,advice,Noun
75099,2.2990862403302065E-4,Eibar,Noun
75100,2.997904405551684E-4,West Ham United,Noun
75101,2.1539291477630634E-4,leagues,Noun
75102,1.5153068402176364E-4,Most,Noun
75103,1.358550960195122E-4,course,Noun
75104,4.5764906618777046E-4,loan spell,Noun
75105,0.003788996499044603,UEFA Champions League,Noun
75106,1.9530688559141616E-4,penalty,Noun
75107,1.7614412438938493E-4,game.,Noun
75108,1.8748837736762915E-4,League Cup,Noun
75109,9.927872401425891E-5,Osasuna,Noun
75110,8.882833201275798E-5,Segunda División B. Subsequently,Noun
75111,7.837794001125704E-5,Gianfranco Zola,Noun
75112,6.79275480097561E-5,someone,Noun
75113,4.7026764006754224E-5,Robbie Keane,Noun
75114,4.180156800600376E-5,Sabadell,Noun
75115,3.6576372005253286E-5,Pamplona,Noun
75116,3.1351176004502814E-5,Navarre,Noun
75117,2.612598000375235E-5,Celta Vigo,Noun
75118,2.090078400300188E-5,Ricardo Zamora Trophy,Noun
75119,2.933138360637223E-4,appearance,Noun
75120,8.092965084897153E-5,André Ivan Biyogo Poko,Noun
75121,7.931105783199211E-5,Hapoel Be'er Sheva,Noun
75122,7.769246481501267E-5,Gabonese,Noun
75123,7.283668576407438E-5,Israeli Premier League,Noun
75124,1.0095397590347356E-4,outfit,Noun
75125,1.00310901644125E-4,hosts,Noun
75126,5.82693486112595E-5,AFCON,Noun
75127,5.665075559428008E-5,Cameroon.,Noun
75128,5.017638352636236E-5,Saudi Professional League,Noun
75129,4.855779050938293E-5,Al-Khaleej,Noun
75130,4.693919749240349E-5,1 January 1993,Noun
75131,1.1560895251463697E-4,2021,Noun
75132,4.370201145844463E-5,31 August 2011,Noun
75133,4.20834184414652E-5,28 July 2022,Noun
75134,1.0673916390378929E-4,2012,Noun
75135,1.5869250193100573E-4,4,Noun
75136,7.595376426241328E-5,2022,Noun
75137,8.554361655065008E-5,2011,Noun
75138,5.1184908886306315E-5,three,Noun
75139,1.9423116203753166E-5,28,Noun
75140,4.022887747516457E-5,7,Noun
75141,1.6185930169794306E-5,1993,Noun
75142,1.0211319473751301E-4,5,Noun
75143,1.35349795985791E-4,Lionel Andrés Messi,Noun
75144,1.6072380342432678E-4,FC Barcelona,Noun
75145,1.2993580414635933E-4,Diego Maradona,Noun
75146,7.945181052352895E-4,family,Noun
75147,1.218148163872119E-4,Pep Guardiola,Noun
75148,1.9762290816153184E-4,Cristiano Ronaldo,Noun
75149,3.203620406215554E-4,Ballon d'Or,Noun
75150,8.662386943090622E-5,Ronaldinho,Noun
75151,8.391687351119041E-5,Pablo Aimar,Noun
75152,0.0011500740452082177,team.,Noun
75153,7.579588575204296E-5,Frank Rijkaard,Noun
75154,1.3381996286990715E-4,teammates,Noun
75155,1.467136876461938E-4,Athletic Bilbao,Noun
75156,6.76748979928955E-5,Luis Suárez,Noun
75157,2.4117535128278733E-4,half,Noun
75158,2.9776955116874016E-5,centre,Noun
75159,1.894897143801074E-5,buyout clause,Noun
75160,1.0367563817529385E-4,Argentine,Noun
75161,7.843830633029446E-5,form,Noun
75162,8.120987759147458E-6,Celia,Noun
75163,2.7069959197158193E-6,2007 Copa América,Noun
75164,7.913123241589081E-5,Lee James Stephen Hodson,Noun
75165,7.280073382261955E-5,Northern Ireland,Noun
75166,7.121810917430173E-5,majority,Noun
75167,6.013973663607702E-5,Eastleigh,Noun
75168,5.2226613394487944E-5,grandmother,Noun
75169,4.906136409785231E-5,Borehamwood 2000,Noun
75170,3.0906030877071364E-4,Derby County,Noun
75171,3.5034933584821275E-4,career.,Noun
75172,3.1960725779799765E-4,spells,Noun
75173,4.273086550458104E-5,wingback,Noun
75174,3.9565616207945406E-5,Scottish Championship,Noun
75175,3.798299155962759E-5,Gavin Hoyte,Noun
75176,3.6400366911309776E-5,Jay DeMerit,Noun
75177,3.165249296635632E-5,Borehamwood,Noun
75178,3.006986831803851E-5,Andrew Taylor,Noun
75179,2.84872436697207E-5,Craig Cathcart.,Noun
75180,2.6904619021402878E-5,reserve team.,Noun
75181,4.653559858709748E-5,Hertfordshire,Noun
75182,1.582624648317816E-5,home game,Noun
75183,2.1521261725619855E-4,academy,Noun
75184,3.165249296635633E-6,Apprentice,Noun
75185,8.853755709982666E-5,Johan Etienne Anthony Cavalli,Noun
75186,2.3191351739213788E-4,AC Ajaccio,Noun
75187,7.791305024784747E-5,Lorient Cavalli,Noun
75188,7.614229910585092E-5,Jean-Michel,Noun
75189,7.43715479638544E-5,Coupe de France Final,Noun
75190,7.260079682185786E-5,SC Bastia.,Noun
75191,7.083004567986133E-5,Frédéric Sammaritano,Noun
75192,2.442181272538072E-4,transfer,Noun
75193,6.020553882788213E-5,transfer window,Noun
75194,3.895652512392373E-5,trip,Noun
75195,3.541502283993066E-5,newcomers,Noun
75196,3.1873520555937593E-5,Istres,Noun
75197,3.0102769413941065E-5,Hornets,Noun
75198,2.6561267129947996E-5,consent.,Noun
75199,2.1249013703958398E-5,Toulouse.,Noun
75200,1.4973033141166308E-4,Belgian,Noun
75201,1.770751141996533E-5,Mons.,Noun
75202,6.921098440834387E-5,nation,Noun
75203,3.3808370431864564E-5,Evian,Noun
75204,8.853755709982666E-6,Lyon.,Noun
75205,7.083004567986133E-6,Stade Gerland,Noun
75206,3.5415022839930663E-6,combination,Noun
75207,7.067844709620232E-5,Corsica,Noun
75208,1.061035567658404E-4,John Mark Eustace,Noun
75209,1.039814856305236E-4,John,Noun
75210,2.809509535384722E-4,Queens Park Rangers,Noun
75211,9.124905881862275E-5,Hereford United,Noun
75212,1.4037322040533434E-4,fans,Noun
75213,8.276077427735553E-5,Steve McClaren,Noun
75214,7.427248973608828E-5,Gordon Strachan.,Noun
75215,1.5810220888574645E-4,assistant manager,Noun
75216,7.002834746545467E-5,Nigel Clough,Noun
75217,6.366213405950425E-5,caretaker manager,Noun
75218,4.031935157101936E-5,role models,Noun
75219,2.758692475911851E-5,favourite,Noun
75220,2.1133439528880887E-5,Coventry City,Noun
75221,5.900066220229193E-4,Liverpool,Noun
75222,8.488284541267232E-6,trainee,Noun
75223,4.244142270633616E-6,league defeat,Noun
75224,8.520603329263594E-5,Dundee United,Noun
75225,2.380106594305812E-4,Troy Matthew Deeney,Noun
75226,2.2849023305335792E-4,drug dealer,Noun
75227,3.204795023747666E-4,Walsall,Noun
75228,2.1420959348752305E-4,kick-off,Noun
75229,1.9992895392168818E-4,Forest Green Rovers,Noun
75230,1.808881011672417E-4,training,Noun
75231,1.7136767479001847E-4,GCSEs,Noun
75232,1.9245955332129468E-4,school,Noun
75233,0.004592201784724418,wing,Noun
75234,1.0472469014945574E-4,Ellis,Noun
75235,8.568383739500924E-5,Jimmy Mullen,Noun
75236,6.188277145195111E-5,Head of Youth,Noun
75237,3.3321492320281366E-5,Chris Sutton,Noun
75238,2.856127913166974E-5,children,Noun
75239,1.428063956583487E-5,Halesowen Town,Noun
75240,1.390973732490607E-4,Mark Stephen Anthony Yeates,Noun
75241,1.3353347831909827E-4,Spurs,Noun
75242,2.62476957810161E-4,Championship,Noun
75243,1.2240568845917342E-4,Hull City,Noun
75244,1.4855606206210084E-4,loan spells,Noun
75245,1.4689247195894743E-4,Swindon Town,Noun
75246,8.624037141441763E-5,transition,Noun
75247,1.716421634342973E-4,Colchester,Noun
75248,8.067647648445519E-5,Andy King,Noun
75249,7.789452901947399E-5,Leigh Mills,Noun
75250,1.5880351647650344E-4,Leicester City,Noun
75251,1.7173662057590641E-4,Sheffield United,Noun
75252,4.566562041275176E-4,Notts County,Noun
75253,6.120284422958671E-5,schoolboy football,Noun
75254,0.0012464888459732487,league goals,Noun
75255,4.17292119747182E-5,Oldham Athletic,Noun
75256,5.420283435319008E-5,clash,Noun
75257,1.8071780368241537E-4,Bradford City,Noun
75258,3.338336957977457E-5,Dublin.,Noun
75259,3.0601422114793356E-5,Cherry Orchard,Noun
75260,2.7819474649812133E-5,Greenhills Boys,Noun
75261,2.5037527184830923E-5,Gordon Strachan,Noun
75262,2.2255579719849707E-5,Nigel Worthington,Noun
75263,2.0920370307308685E-4,Blackpool,Noun
75264,2.099347917150987E-5,team appearances,Noun
75265,9.034026268975873E-5,Thomas Michael Hoban,Noun
75266,7.949943116698771E-5,Aberdeen,Noun
75267,6.323818388283113E-5,Hornchurch,Noun
75268,1.4268507470198107E-4,player.,Noun
75269,1.3198644873792326E-4,defence,Noun
75270,5.4204157613855254E-5,interview,Noun
75271,1.5788794424141642E-4,interest,Noun
75272,9.95500966626257E-5,Republic of Ireland,Noun
75273,4.5170131344879366E-5,grandparents,Noun
75274,3.071568931451798E-5,anywhere,Noun
75275,2.89088840607228E-5,recommendation,Noun
75276,2.3488468299337276E-5,location,Noun
75277,1.8068052537951752E-5,Malky Mackay,Noun
75278,1.44544420303614E-5,Blackburn Rovers,Noun
75279,1.0840831522771052E-5,centrally.,Noun
75280,8.794527398994823E-5,positions,Noun
75281,8.296934101476359E-5,José Luis López Panizo,Noun
75282,7.467240691328722E-5,SD Indautxu,Noun
75283,6.803485963210613E-5,neighbours,Noun
75284,6.471608599151559E-5,Basque,Noun
75285,2.887321804007192E-4,titles,Noun
75286,4.64628309682676E-5,support,Noun
75287,4.480344414797234E-5,Sestao,Noun
75288,4.314405732767706E-5,double digits,Noun
75289,1.8433172597559638E-4,tier,Noun
75290,3.982528368708651E-5,Biscay,Noun
75291,3.318773640590543E-5,Óscar,Noun
75292,3.1528349585610155E-5,Sestao Sport Club,Noun
75293,2.9868962765314886E-5,Zarra,Noun
75294,2.6550189124724343E-5,Piru Gaínza,Noun
75295,2.4890802304429074E-5,Rafael Iriondo,Noun
75296,1.9912641843543255E-5,group stage,Noun
75297,1.6593868202952714E-6,1950 FIFA World Cup,Noun
75298,1.3051283141841372E-4,research scientist,Noun
75299,1.2790257479004544E-4,Ikechi Anya,Noun
75300,1.1746154827657233E-4,Celta de Vigo,Noun
75301,9.918975187799442E-5,wing-back,Noun
75302,9.396923862125787E-5,Mariana,Noun
75303,8.091795547941649E-5,group,Noun
75304,7.830769885104822E-5,economist,Noun
75305,7.569744222267996E-5,house,Noun
75306,1.8816664715941276E-4,youth team,Noun
75307,6.786667233757513E-5,Come on Scotland''.,Noun
75308,6.003590245247032E-5,Chima,Noun
75309,5.2205132567365484E-5,Nigeria,Noun
75310,4.959487593899721E-5,fight,Noun
75311,4.437436268226066E-5,Stuart Gray,Noun
75312,4.1764106053892395E-5,Igbo,Noun
75313,3.915384942552411E-5,Tony Adams,Noun
75314,3.6543592797155844E-5,Wycombe Wanderers,Noun
75315,3.3933336168787565E-5,Romania,Noun
75316,3.132307954041929E-5,Northampton Town,Noun
75317,2.6102566283682742E-5,doctorate,Noun
75318,1.3051283141841371E-5,couple,Noun
75319,1.5460449126333988E-5,front,Noun
75320,7.796378893694885E-5,ball,Noun
75321,3.826614864622026E-5,boy,Noun
75322,1.5102000089033642E-4,Francis Gillot,Noun
75323,2.2636667804987298E-4,AJ Auxerre,Noun
75324,1.298772007656893E-4,Sochaux,Noun
75325,1.2383640073007583E-4,youth coaching,Noun
75326,1.1779560069446239E-4,assistant management,Noun
75327,1.1175480065884897E-4,fʁɑ̃sis ʒilo,Noun
75328,1.087344006410422E-4,Jean Parisseaux,Noun
75329,1.0269360060542875E-4,periods,Noun
75330,9.66528005698153E-5,Al Ain FC,Noun
75331,9.363240055200857E-5,head coaching position,Noun
75332,9.061200053420185E-5,Montauban,Noun
75333,1.7398503178555973E-4,Lens,Noun
75334,7.248960042736147E-5,Valenciennes,Noun
75335,6.946920040955474E-5,FC Montauban,Noun
75336,5.134680030271438E-5,Mulhouse,Noun
75337,0.009396721659816325,France,Noun
75338,4.228560024929419E-5,confidence,Noun
75339,3.926520023148746E-5,Maubeuge,Noun
75340,3.624480021368073E-5,Philippe Anziani,Noun
75341,3.322440019587401E-5,Bruno Metsu,Noun
75342,2.1142800124647095E-5,FC Mulhouse,Noun
75343,3.020400017806728E-6,U19 coach,Noun
75344,7.69652591635747E-5,Jean-Alain Andre Fanchone,Noun
75345,6.465081769740276E-5,assist,Noun
75346,6.311151251413127E-5,occasion.,Noun
75347,6.0032902147588265E-5,Coupe Gambardella,Noun
75348,1.6309594616047005E-4,Karim Benzema,Noun
75349,8.369503878088793E-5,origin,Noun
75350,5.541498659777379E-5,U18,Noun
75351,1.1699294103204383E-4,Strasbourg.,Noun
75352,5.079707104795932E-5,Dijon,Noun
75353,4.771846068141631E-5,U19 level,Noun
75354,4.463985031487333E-5,Guadeloupean,Noun
75355,4.310054513160184E-5,U19 European Championship,Noun
75356,4.156123994833034E-5,Nîmes,Noun
75357,3.848262958178735E-5,Petrolul Ploiești.,Noun
75358,1.2158005698197967E-4,2006,Noun
75359,3.386471403197287E-5,March 2008,Noun
75360,3.232540884870138E-5,8 August 2008,Noun
75361,4.397479088798849E-5,2014,Noun
75362,2.155027256580092E-5,2 September 1988,Noun
75363,3.904105841743829E-5,2008,Noun
75364,1.077513628290046E-5,8,Noun
75365,1.1591931789942683E-4,Henri Grégoire Saivet,Noun
75366,1.146272922537091E-4,club.,Noun
75367,1.7035740597823803E-4,Newcastle United,Noun
75368,9.969061339350706E-5,Bursaspor,Noun
75369,9.468376842089698E-5,Senegalese,Noun
75370,8.809868160356441E-5,Pau,Noun
75371,7.882513617161025E-5,Willy Sagnol,Noun
75372,1.1352471773937609E-4,Turkish,Noun
75373,1.0620627506324739E-4,Saint-Étienne,Noun
75374,4.4049340801782206E-5,permission,Noun
75375,1.5903365195788462E-4,fee,Noun
75376,3.709418172781658E-5,Sivasspor,Noun
75377,6.95515907396561E-6,EFL Cup,Noun
75378,4.6367727159770724E-6,Nottingham Forest.,Noun
75379,2.3183863579885362E-6,West Ham.,Noun
75380,3.0453791457835805E-4,Alessandro Del Piero Ufficiale OMRI,Noun
75381,2.6190260653738797E-4,Roberto Baggio,Noun
75382,2.497210899542537E-4,Marcello Lippi,Noun
75383,4.3079421574760026E-4,Coppa Italia,Noun
75384,0.0057073957211014395,David Trezeguet,Noun
75385,2.1926729849641784E-4,free-kick specialist,Noun
75386,2.131765402048507E-4,goal-scorer,Noun
75387,2.643959947881545E-4,play,Noun
75388,1.8881350703858202E-4,Pinturicchio,Noun
75389,1.6445047387231336E-4,Giampiero Boniperti,Noun
75390,1.4008744070604474E-4,Filippo Inzaghi,Noun
75391,1.3399668241447757E-4,Zinedine Zidane,Noun
75392,1.8820706567093857E-4,Serie B,Noun
75393,9.745213266507459E-5,Raphael,Noun
75394,9.136137437350744E-5,Francesco Totti,Noun
75395,3.66525477539914E-4,FIFA 100,Noun
75396,2.9006705222765625E-4,FIFA World Player of the Year,Noun
75397,6.090758291567163E-5,Sydney FC,Noun
75398,4.263530804097013E-5,intention,Noun
75399,2.4363033166268648E-5,Sky Sport Italia.,Noun
75400,1.827227487470149E-5,some,Noun
75401,3.2846257122182565E-5,Belarusian,Noun
75402,3.218933197973891E-5,Alyaksandar Lukhvich,Noun
75403,1.28609631030056E-4,Russian,Noun
75404,3.087548169485161E-5,Top League in 1990 for FC Dinamo Minsk.,Noun
75405,3.021855655240796E-5,Dinamo Minsk With,Noun
75406,2.956163140996431E-5,FC Torpedo Moscow,Noun
75407,2.8904706267520656E-5,Belarus,Noun
75408,2.8247781125077004E-5,his,Noun
75409,0.0010431902975660814,Wikipedia,Noun
75410,2.4313413245524634E-4,stub,Noun
75411,2.56200805553024E-5,expanding,Noun
75412,2.4963155412858748E-5,it,Noun
75413,2.4306230270415095E-5,21 February 1970,Noun
75414,5.856217654737599E-5,1990,Noun
75415,7.724663944183242E-5,1970,Noun
75416,4.2897829042387966E-4,Zinedine Yazid Zidane,Noun
75417,0.008292248301257516,Stade de France,Noun
75418,3.8608046138149173E-4,1998 FIFA World Cup,Noun
75419,3.6034176395605887E-4,Edgar Davids,Noun
75420,3.517621981475813E-4,Jean Varraud,Noun
75421,3.3460306653062616E-4,La Castellane,Noun
75422,3.1744393491367094E-4,1986 World Cup,Noun
75423,2.8312567167976065E-4,Marco Materazzi,Noun
75424,2.5738697425432784E-4,Cannes,Noun
75425,1.9733001359498463E-4,spectators,Noun
75426,1.8017088197802943E-4,SO Septèmes-les-Vallons,Noun
75427,1.630117503610742E-4,Qatar,Noun
75428,1.5443218455259668E-4,plaza,Noun
75429,1.2869348712716392E-4,Pelé,Noun
75430,1.1153435551020871E-4,Eden Hazard,Noun
75431,1.0295478970173114E-4,Coach,Noun
75432,8.579565808477591E-5,training camp,Noun
75433,1.6829070800695515E-4,Fahid Ben Khalfallah,Noun
75434,1.5482745136639875E-4,Nunawading City,Noun
75435,1.3126675224542502E-4,experience,Noun
75436,1.2790093808528593E-4,Victory,Noun
75437,1.245351239251468E-4,Brisbane Roar,Noun
75438,1.689045758234465E-4,Valenciennes FC,Noun
75439,1.0097442480417307E-4,Australia,Noun
75440,9.087698232375576E-5,page,Noun
75441,7.068209736292115E-5,Devon Bonne,Noun
75442,6.395046904264296E-5,Melbourne,Noun
75443,6.058465488250385E-5,helping,Noun
75444,4.712139824194745E-5,Melbourne Victory.,Noun
75445,4.2802867825601644E-5,services,Noun
75446,3.0292327441251926E-5,elimination,Noun
75447,2.692651328111282E-5,A-League,Noun
75448,1.6829070800695508E-5,Valenciennes.,Noun
75449,1.346325664055641E-5,life,Noun
75450,4.1828521773840754E-5,Adriaan ``Adje'' Paulen,Noun
75451,4.099195133836394E-5,IAAF,Noun
75452,4.015538090288712E-5,death,Noun
75453,3.848224003193349E-5,Louis Einthoven,Noun
75454,3.764566959645669E-5,Arnold Meijer,Noun
75455,3.680909916097987E-5,president,Noun
75456,3.597252872550305E-5,sports official,Noun
75457,3.4299387854549426E-5,RMWO,Noun
75458,3.346281741907261E-5,ˈaːdriaːn ˈɑcə ˈpʌulə,Noun
75459,3.178967654811898E-5,Bob Seagren,Noun
75460,3.095310611264216E-5,resistance,Noun
75461,3.011653567716534E-5,finish,Noun
75462,2.9279965241688527E-5,seventh,Noun
75463,2.8443394806211715E-5,Summer Olympics,Noun
75464,2.7606824370734897E-5,aftermath,Noun
75465,2.6770253935258085E-5,organisation,Noun
75466,2.5933683499781266E-5,David Burghley,Noun
75467,2.4260542628827642E-5,official,Noun
75468,2.3423972193350827E-5,Antwerp,Noun
75469,2.2587401757874008E-5,Groningen,Noun
75470,2.1750831322397192E-5,Hans Linthorst Homan,Noun
75471,2.007769045144356E-5,World War II,Noun
75472,1.9241120015966746E-5,Wilhelmina,Noun
75473,6.101302908207178E-5,men,Noun
75474,1.6731408709536304E-5,athletics,Noun
75475,1.589483827405949E-5,claim,Noun
75476,2.774483158091019E-4,record,Noun
75477,1.3385126967629042E-5,distance.,Noun
75478,1.2548556532152225E-5,poles,Noun
75479,1.0875415661198596E-5,fusion,Noun
75480,5.294556988910878E-5,level.,Noun
75481,6.692563483814521E-6,world record breakers,Noun
75482,4.182852177384076E-6,1928 Summer Olympics,Noun
75483,3.3462817419072606E-6,Workers,Noun
75484,2.509711306430445E-6,talks,Noun
75485,6.659025767155842E-5,Jonathan Henry Bond,Noun
75486,6.392664736469608E-5,LA Galaxy,Noun
75487,6.126303705783374E-5,Bond,Noun
75488,5.7267621597540244E-5,Wales,Noun
75489,5.4604011290677893E-5,Scott Loach,Noun
75490,5.194040098381557E-5,Major League Soccer,Noun
75491,4.394957006322856E-5,substitutes bench,Noun
75492,4.128595975636623E-5,allegiance,Noun
75493,5.303035732589483E-5,academy system,Noun
75494,3.729054429607271E-5,cover,Noun
75495,3.196332368234804E-5,collision,Noun
75496,3.063151852891687E-5,Vicarage Road,Noun
75497,2.92997133754857E-5,Rene Gilmartin,Noun
75498,2.264068760832986E-5,deputy goalkeeper,Noun
75499,6.659025767155843E-6,home league debut,Noun
75500,5.327220613724674E-6,league start,Noun
75501,3.995415460293505E-6,starts,Noun
75502,1.2175424171997981E-4,Cléverson Gabriel Córdova,Noun
75503,1.1931915688558021E-4,Guangzhou,Noun
75504,1.1688407205118062E-4,Partizan,Noun
75505,1.14448987216781E-4,Guangzhou Evergrande,Noun
75506,1.0957881754798183E-4,citizenship.,Noun
75507,9.983847821038344E-5,Olivais e Moscavide,Noun
75508,9.496830854158423E-5,tally,Noun
75509,9.009813887278503E-5,Red Star Belgrade,Noun
75510,7.06174601975883E-5,continents,Noun
75511,5.844203602559031E-5,Serbian,Noun
75512,5.3571866356791116E-5,Guizhou Renhe.,Noun
75513,5.113678152239153E-5,Pyunik,Noun
75514,4.870169668799193E-5,view,Noun
75515,2.4291902834236052E-4,Portugal,Noun
75516,4.383152701919273E-5,Lamine Diarra,Noun
75517,3.652627251599395E-5,AFC Champions League,Noun
75518,2.6785933178395558E-5,Chinese Super League,Noun
75519,1.9480678675196767E-5,Cerro Porteño.,Noun
75520,7.3052545031987885E-6,Copa Libertadores,Noun
75521,4.870169668799192E-6,Kashiwa Reysol,Noun
75522,2.435084834399596E-6,2005 Copa Libertadores,Noun
75523,9.714851406333214E-5,Pedro Ochoa,Noun
75524,9.520554378206549E-5,Racing Club,Noun
75525,9.131960321953218E-5,Patadura,Noun
75526,8.937663293826555E-5,Ochoíta,Noun
75527,8.1604751813199E-5,Carlos Gardel,Noun
75528,7.383287068813241E-5,fan favourite,Noun
75529,8.391373992217195E-5,skills,Noun
75530,6.994693012559914E-5,playmaker,Noun
75531,6.80039598443325E-5,conditions,Noun
75532,2.991930749863945E-4,footballers,Noun
75533,6.023207871926592E-5,cups,Noun
75534,5.634613815673263E-5,dribbling,Noun
75535,5.246019759419935E-5,man,Noun
75536,5.05172273129327E-5,league championships,Noun
75537,4.857425703166607E-5,king,Noun
75538,2.518598539771494E-4,club career,Noun
75539,4.274534618786613E-5,legs,Noun
75540,4.08023759065995E-5,Domingo Tarasconi,Noun
75541,3.885940562533286E-5,Tarasca,Noun
75542,3.6916435344066206E-5,José López Ares,Noun
75543,3.497346506279957E-5,El rey de la gambeta,Noun
75544,3.303049478153293E-5,control,Noun
75545,2.914455421899964E-5,Enrique Carrera Sotelo,Noun
75546,2.7201583937733E-5,Luis Monti,Noun
75547,2.525861365646635E-5,Manuel Seoane,Noun
75548,1.942970281266643E-5,Buenos Aires Province,Noun
75549,1.7486732531399784E-5,Tandil,Noun
75550,1.36007919688665E-5,dribblings,Noun
75551,1.1657821687599855E-5,fan,Noun
75552,7.77188112506657E-6,passes,Noun
75553,1.9429702812666425E-6,Olympic,Noun
75554,1.0220297511785808E-4,Casey Jean Stoney MBE,Noun
75555,2.368557280689857E-4,football manager,Noun
75556,6.820288918456951E-4,Chelsea,Noun
75557,9.60707966107866E-5,Faye White,Noun
75558,8.176238009428648E-5,head coach,Noun
75559,1.2218848033474262E-4,The Football Association,Noun
75560,2.5033042350120264E-4,Arsenal Ladies,Noun
75561,1.377791580781337E-4,Lincoln Ladies,Noun
75562,4.037154379668108E-4,FA WSL,Noun
75563,5.9277725568357696E-5,Kailen Sheridan,Noun
75564,5.5189606563643364E-5,San Diego Wave.,Noun
75565,3.883713054478607E-5,captaincy,Noun
75566,3.270495203771459E-5,Manchester United Women,Noun
75567,2.8616833033000262E-5,squad member,Noun
75568,5.2056780066022455E-5,scholarship,Noun
75569,1.4308416516500131E-5,search,Noun
75570,4.557349151402801E-5,Liverpool Ladies,Noun
75571,3.415162413549293E-4,Everton,Noun
75572,2.044059502357162E-6,Eniola Aluko.,Noun
75573,1.1103044833295016E-4,Rachel Brown,Noun
75574,1.0658923039963214E-4,Ian Finnis,Noun
75575,1.0214801246631413E-4,Pauline Cope,Noun
75576,9.770679453299612E-5,college system,Noun
75577,1.4252800763406488E-4,choice goalkeeper,Noun
75578,8.66037496997011E-5,case,Noun
75579,7.550070486640609E-5,Tracey Davidson,Noun
75580,7.32800958997471E-5,CE High School,Noun
75581,1.0373508825805426E-4,London,Noun
75582,6.439766003311108E-5,varsity soccer,Noun
75583,5.773583313313407E-5,primary school,Noun
75584,5.551522416647508E-5,Pittsburgh Panthers,Noun
75585,5.329461519981607E-5,PE Teacher,Noun
75586,5.107400623315706E-5,Alabama Crimson Tide,Noun
75587,4.663278829983905E-5,hypocrisy,Noun
75588,3.7750352433203046E-5,Superstars,Noun
75589,3.552974346654404E-5,University of Pittsburgh,Noun
75590,1.4379892128380868E-4,2011 FIFA Women's World Cup,Noun
75591,1.317949766674222E-4,Karen Bardsley,Noun
75592,9.559459515275136E-5,UEFA Women's Euro 2009,Noun
75593,6.237351441400447E-5,FA Women's Cup Final,Noun
75594,1.554426276661302E-5,play-acting,Noun
75595,1.3323653799954018E-5,people,Noun
75596,1.64472559740542E-4,2012 London Olympics,Noun
75597,8.88243586663601E-6,Accrington.,Noun
75598,6.661826899977009E-6,St Christopher,Noun
75599,7.86497592808349E-5,Burnley,Noun
75600,1.0708878578309219E-4,Corentin da Silva Martins,Noun
75601,1.028052343517685E-4,Stade Brestois 29,Noun
75602,9.637990720478298E-5,Paradou AC,Noun
75603,8.567102862647375E-5,Brittany,Noun
75604,2.3834072972111873E-4,Portuguese,Noun
75605,7.924570147948823E-5,Brest,Noun
75606,7.710392576382637E-5,participation,Noun
75607,7.282037433250268E-5,double.,Noun
75608,6.858498463447152E-5,semi-finals,Noun
75609,5.782794432286977E-5,director,Noun
75610,2.7843084303603965E-5,emergence,Noun
75611,2.3559532872280283E-5,beginning,Noun
75612,1.713420572529475E-5,assistant,Noun
75613,1.2850654293971063E-5,Spain.,Noun
75614,1.0708878578309219E-5,Deportivo de La Coruña,Noun
75615,8.567102862647375E-6,Guy Roux,Noun
75616,4.283551431323687E-6,Clermont Foot.,Noun
75617,1.1243718385987407E-4,Matěj Vydra,Noun
75618,1.0569095282828163E-4,Baník Ostrava,Noun
75619,3.162486999051861E-4,Leeds United,Noun
75620,8.320351605630683E-5,Viktoria Plzeň,Noun
75621,8.095477237910934E-5,Vysočina Jihlava,Noun
75622,6.746231031592444E-5,Club Brugge,Noun
75623,1.6764382130191199E-4,West Bromwich Albion,Noun
75624,6.296482296152948E-5,FC Chotěboř,Noun
75625,6.0716079284331995E-5,Czech Republic,Noun
75626,5.846733560713452E-5,ˈmacɛj ˈvɪdra,Noun
75627,2.4284994356248016E-4,performances,Noun
75628,4.497487354394963E-5,Revelation,Noun
75629,4.272612986675214E-5,sports journalists,Noun
75630,1.574120574038237E-5,run,Noun
75631,1.349246206318489E-5,thanks,Noun
75632,1.0896835602466487E-4,Nathaniel Nyakie Chalobah,Noun
75633,9.153341906071849E-5,Allianz Arena,Noun
75634,8.935405194022518E-5,Sierra Leone,Noun
75635,8.717468481973192E-5,talent,Noun
75636,6.973974785578554E-5,first-team,Noun
75637,6.580492918563314E-5,championship,Noun
75638,5.230481089183914E-5,elbow,Noun
75639,4.358734240986596E-5,schoolboy,Noun
75640,1.1989723039738606E-4,Fulham,Noun
75641,4.099386008497455E-5,reserve,Noun
75642,7.388701745266871E-5,play-off final,Noun
75643,1.7434936963946384E-5,Billy Davies,Noun
75644,8.717468481973192E-6,FA Youth Cup,Noun
75645,2.179367120493298E-6,Royals,Noun
75646,4.3107446695590875E-5,Serghei Gheorghiev,Noun
75647,4.2245297761679055E-5,Chirsova,Noun
75648,4.1383148827767235E-5,Navbahor Namangan,Noun
75649,3.879670202603179E-5,Moldova,Noun
75650,3.793455309211997E-5,Moldovan,Noun
75651,3.7072404158208155E-5,Uzbek League,Noun
75652,3.4485957356472695E-5,Sheriff Tiraspol.,Noun
75653,3.3623808422560875E-5,Divizia Naţională,Noun
75654,3.189951055473725E-5,Uzbek,Noun
75655,2.8450914819089978E-5,Andorra,Noun
75656,2.7588765885178158E-5,20 October 1991,Noun
75657,2.5864468017354528E-5,March 2015,Noun
75658,2.4140170149530884E-5,9 February 2011,Noun
75659,1.8105127612148168E-5,1991,Noun
75660,6.758885254656431E-5,Sophie Elizabeth Bradley-Auckland,Noun
75661,6.488529844470174E-5,Doncaster Rovers Belles,Noun
75662,5.677463613911403E-5,Nottingham Forest,Noun
75663,5.2719304986320176E-5,Bradley,Noun
75664,1.829007671891644E-4,occasions,Noun
75665,1.7820658487212077E-4,FA Women's Premier League Cup,Noun
75666,1.538069767992618E-4,scheme,Noun
75667,2.9739095120488296E-5,home town,Noun
75668,2.8387318069557015E-5,Team GB,Noun
75669,2.7035541018625727E-5,Casey Stoney,Noun
75670,1.5188096790485283E-4,regular,Noun
75671,2.4331986916763158E-5,Austria,Noun
75672,2.298020986583187E-5,Nottingham.,Noun
75673,1.8924878713038006E-5,semi-final win,Noun
75674,1.0814216407450289E-5,Whites,Noun
75675,9.462439356519003E-6,Player of the Match,Noun
75676,2.8103010183406214E-5,knee,Noun
75677,2.7035541018625723E-6,Talented Athlete Scholarship Scheme.,Noun
75678,6.482880458525852E-5,Jan Louwers,Noun
75679,6.353222849355337E-5,millionaire businessman,Noun
75680,5.9642500218437854E-5,Jan Louwers Stadion,Noun
75681,5.834592412673269E-5,him.,Noun
75682,5.704934803502751E-5,company,Noun
75683,5.575277194332234E-5,wholesaler,Noun
75684,7.237948426360471E-4,association football,Noun
75685,4.9269891484796484E-5,FC Eindhoven,Noun
75686,1.272452796683227E-4,PSV,Noun
75687,4.6676739301386134E-5,Roda JC.,Noun
75688,4.538016320968097E-5,turnover,Noun
75689,9.977030057545966E-4,article,Noun
75690,4.2787011026270624E-5,1 November 2012,Noun
75691,4.149043493456545E-5,3 July 1930,Noun
75692,4.019385884286029E-5,1967,Noun
75693,3.760070665944994E-5,€80 million,Noun
75694,2.9821250109218927E-5,1930,Noun
75695,2.5931521834103414E-5,80 million,Noun
75696,1.3769014745618216E-4,Rachel Aba Yankey,Noun
75697,1.3218254155793484E-4,Peter Shilton,Noun
75698,1.2116732976144028E-4,OBE,Noun
75699,1.6161569076031146E-4,New Jersey Wildcats,Noun
75700,9.362930027020384E-5,FA,Noun
75701,9.08754973210802E-5,boys,Noun
75702,8.536789142283291E-5,Russell Mountford,Noun
75703,7.710648257546199E-5,girl,Noun
75704,6.884507372809108E-5,meeting,Noun
75705,1.2554949441890604E-4,Rachel Unitt,Noun
75706,6.058366488072014E-5,Vic Akers,Noun
75707,4.9568453084225564E-5,CBeebies,Noun
75708,3.029183244036007E-5,birth names,Noun
75709,9.878182068574575E-5,youth level,Noun
75710,1.9276620643865497E-5,identity,Noun
75711,1.4505474356930122E-4,Mark Sampson,Noun
75712,2.7538029491236425E-6,acronym,Noun
75713,8.475114212285746E-5,Carlos Henrique dos Santos Souza,Noun
75714,7.119095938320027E-5,association football defender,Noun
75715,6.780091369828597E-5,Flamengo,Noun
75716,5.932579948600022E-5,Coupe de la Ligue.,Noun
75717,5.7630776643543065E-5,31 March 2007,Noun
75718,8.29444685658374E-5,2005,Noun
75719,5.424073095862877E-5,2 May 1983,Noun
75720,4.915566243125733E-5,89,Noun
75721,4.576561674634303E-5,1983,Noun
75722,1.1837633558016054E-4,1980,Noun
75723,1.0259904897089746E-4,Daniel Pudil,Noun
75724,7.592329623846412E-5,Hallam,Noun
75725,6.771537232079232E-5,Northern Counties East League Premier Division,Noun
75726,5.950744840312052E-5,Chmel Blšany Pudil,Noun
75727,4.719556252661283E-5,SK Slavia Praha,Noun
75728,4.3091600567776924E-5,KRC Genk,Noun
75729,3.8987638608941035E-5,ˈdanɪjɛl ˈpuɟɪl,Noun
75730,1.1338194516658704E-4,league title,Noun
75731,3.488367665010514E-5,youth career,Noun
75732,5.295219003273787E-5,trial,Noun
75733,2.257179077359744E-5,Sparta Prague,Noun
75734,2.051980979417949E-5,FC Slovan Liberec,Noun
75735,1.4363866855925643E-5,Aidy Boothroyd,Noun
75736,9.61358650785838E-5,Steve Leo Beleck A'Beka,Noun
75737,9.421314777701213E-5,Panthrakikos,Noun
75738,9.03677131738688E-5,AEK Athens,Noun
75739,7.690869206286705E-5,parent club,Noun
75740,6.729510555500866E-5,Cameroonian,Noun
75741,6.152695365029364E-5,loan agreement,Noun
75742,5.191336714243525E-5,Greek,Noun
75743,4.2299780634576874E-5,Panathinaikos,Noun
75744,1.0184501607476383E-4,Jill Louise Scott MBE,Noun
75745,9.980811575326857E-5,Alex Scott,Noun
75746,9.5734315110278E-5,Peter Crouch,Noun
75747,8.962361414579218E-5,series,Noun
75748,1.5464803946850815E-4,Sunderland,Noun
75749,7.94391125383158E-5,report,Noun
75750,7.536531189532523E-5,home town club,Noun
75751,6.925461093083942E-5,degree.,Noun
75752,6.721771060934413E-5,midfielder.,Noun
75753,6.518081028784887E-5,attack,Noun
75754,6.110700964485831E-5,angle,Noun
75755,5.9070109323363034E-5,pitch,Noun
75756,5.703320900186775E-5,ends,Noun
75757,5.499630868037247E-5,Women's World Cup,Noun
75758,4.6848707394391364E-5,Crouchy,Noun
75759,7.82050701838014E-4,FIFA,Noun
75760,3.870110610841026E-5,Blues,Noun
75761,8.638594081815462E-5,FA International Player of the Year,Noun
75762,9.56744164280762E-5,FA Players' Player of the Year,Noun
75763,4.038451451046023E-5,Carly Telford.,Noun
75764,1.4258302250466937E-5,Gateshead College,Noun
75765,1.222140192897166E-5,BTEC National Diploma in Sport and Exercise Science,Noun
75766,8.147601285981109E-6,I'm a Celebrity...Get Me Out of Here!,Noun
75767,6.11070096448583E-6,Monkwearmouth Comprehensive School.,Noun
75768,1.1324640488638206E-4,Karl Levi Daniel Henry,Noun
75769,1.840371991073381E-4,Wolverhampton Wanderers,Noun
75770,7.927248342046743E-5,Boldmere St. Michaels,Noun
75771,7.474262722501216E-5,Wolverhampton,Noun
75772,5.662320244319103E-5,Cheltenham Town,Noun
75773,4.9828418150008107E-5,expiry,Noun
75774,2.2649280977276408E-5,West Midlands,Noun
75775,9.187597741948566E-5,Abdoulaye Keita,Noun
75776,8.45258992259268E-5,Vendée Fontenay Foot,Noun
75777,7.901334058075767E-5,youth side,Noun
75778,7.533830148397825E-5,Clichy-la-Garenne,Noun
75779,7.166326238719882E-5,Under-17,Noun
75780,6.615070374202967E-5,Ligue,Noun
75781,6.431318419363996E-5,FC Girondins de Bordeaux,Noun
75782,1.22495713201347E-4,Malian,Noun
75783,5.8800625548470824E-5,appearances.,Noun
75784,5.5125586451691386E-5,FIFA U-17,Noun
75785,5.328806690330168E-5,16 August 1990,Noun
75786,4.961302780652225E-5,10 April 2010,Noun
75787,1.7010414350836252E-4,17,Noun
75788,3.307535187101483E-5,16,Noun
75789,2.388775412906627E-5,19,Noun
75790,8.10120670802461E-5,Sean Michael Murray,Noun
75791,7.453110171382642E-5,Glentoran,Noun
75792,7.29108603722215E-5,association footballer,Noun
75793,6.805013634740674E-5,Cork City,Noun
75794,6.480965366419689E-5,League of Ireland First Division,Noun
75795,5.346796427296244E-5,NIFL Premiership,Noun
75796,4.3746516223332904E-5,intake,Noun
75797,4.212627488172797E-5,Vejle Boldklub,Noun
75798,3.8885792198518134E-5,Dundalk,Noun
75799,3.726555085691321E-5,Sean Dyche,Noun
75800,3.0784585490493526E-5,substitute appearance,Noun
75801,2.5923861465678752E-5,Abbots Langley,Noun
75802,1.6202413416049222E-5,youth players,Noun
75803,9.721448049629533E-6,Wigan Athletic,Noun
75804,7.620605186842185E-5,Stephanie Jayne Darby,Noun
75805,7.163368875631654E-5,ˈhoʊtən,Noun
75806,6.401308356947435E-5,MBE,Noun
75807,6.0964841494737486E-5,North East England,Noun
75808,5.4868357345263735E-5,2007 World Cup,Noun
75809,5.33442363078953E-5,Katie Chapman,Noun
75810,1.0151328063618874E-4,Women's Super League,Noun
75811,3.962714697157936E-5,midfield,Noun
75812,3.3530662822105605E-5,2011 World Cup,Noun
75813,3.2006541784737175E-5,Euro 2013,Noun
75814,2.89582997100003E-5,Stephen Darby.,Noun
75815,2.7434178672631868E-5,Freedom of the City of Sunderland,Noun
75816,2.5910057635263428E-5,Euro 2009,Noun
75817,1.5624781889198375E-4,Member,Noun
75818,6.096484149473748E-6,target,Noun
75819,1.3256006877958637E-4,Anita Amma Ankyewah Asante,Noun
75820,1.299088674039946E-4,Government's Talented Athletes Scholarship Scheme,Noun
75821,1.1930406190162774E-4,Bristol City,Noun
75822,1.16652860526036E-4,India Trotter,Noun
75823,9.54432495213022E-5,WPS,Noun
75824,8.748964539452702E-5,athletes,Noun
75825,6.0977631638609725E-5,politics,Noun
75826,5.8326430263018E-5,BA,Noun
75827,5.567522888742627E-5,2012 London Olympics.,Noun
75828,5.3024027511834546E-5,Kopparbergs/Göteborg FC,Noun
75829,5.0372826136242815E-5,anything,Noun
75830,1.043485044177355E-4,Lianne Sanderson,Noun
75831,3.976802063387592E-5,Washington Freedom,Noun
75832,3.446561788269246E-5,Business School,Noun
75833,3.181441650710073E-5,Saint Louis Athletica,Noun
75834,2.6512013755917273E-5,Phil Neville,Noun
75835,2.120961100473382E-5,Jim Gabarra,Noun
75836,1.060480550236691E-5,Göteborg,Noun
75837,2.6512013755917276E-6,Brunel University,Noun
75838,9.908995534403927E-5,José Andrés Guardado Hernández,Noun
75839,9.710815623715846E-5,Mexican,Noun
75840,9.314455802339689E-5,Real Betis,Noun
75841,8.521736159587378E-5,Deportivo,Noun
75842,8.323556248899298E-5,Rafael Márquez,Noun
75843,7.332656695458904E-5,rights.,Noun
75844,7.134476784770825E-5,Copa Américas,Noun
75845,5.747217409954277E-5,Miguel Ángel Lotina,Noun
75846,3.567238392385413E-5,home victory,Noun
75847,1.728286504765431E-4,rest,Noun
75848,1.7836191961927064E-5,León,Noun
75849,3.3740497742307025E-5,friendly,Noun
75850,9.908995534403926E-6,awards,Noun
75851,7.92719642752314E-6,fixture,Noun
75852,5.945397320642355E-6,anˈdɾes ɣwaɾˈðaðo,Noun
75853,6.370390375273199E-5,offer,Noun
75854,4.490037245199882E-5,brace,Noun
75855,5.405767098996255E-5,Ažbe Jug,Noun
75856,5.185123543935182E-5,Slovenian,Noun
75857,4.854158211343575E-5,Maribor,Noun
75858,4.633514656282504E-5,3 March 1992,Noun
75859,4.523192878751968E-5,1992,Noun
75860,1.0949687244771825E-4,Siobhan Rebecca Chamberlain,Noun
75861,1.0511699754980952E-4,Bristol Academy,Noun
75862,9.41673103050377E-5,commentator,Noun
75863,9.197737285608333E-5,sports pundit,Noun
75864,8.978743540712896E-5,Vancouver Whitecaps,Noun
75865,8.759749795817461E-5,Astrid Johannessen,Noun
75866,8.238845478748896E-5,UEFA Women's Championships,Noun
75867,7.664781071340277E-5,Emma Byrne,Noun
75868,1.3290622520447127E-4,W-League,Noun
75869,5.912831112176785E-5,childhood gymnast,Noun
75870,1.3996539522702283E-4,UEFA Women's Cup,Noun
75871,4.9601032608794674E-5,status,Noun
75872,4.160881153013294E-5,PFA Community Champion of the Year,Noun
75873,1.4987732905758123E-4,signing,Noun
75874,1.2758955809033095E-4,account name,Noun
75875,2.8469186836406746E-5,Leigh Moore,Noun
75876,1.313962469372619E-5,FIFA Women's World Cups,Noun
75877,1.903642535899706E-4,Norwegian,Noun
75878,9.030865451882513E-5,Christian Buaben Abankwah,Noun
75879,8.489013524769565E-5,Craig Levein,Noun
75880,7.947161597656613E-5,footballer.,Noun
75881,7.405309670543662E-5,AFC Ajax,Noun
75882,7.224692361506011E-5,residency issues,Noun
75883,6.863457743430711E-5,visa,Noun
75884,6.68284043439306E-5,Prince,Noun
75885,5.599136580167158E-5,Ghanaian,Noun
75886,5.237901962091858E-5,range,Noun
75887,5.057284653054207E-5,Hearts,Noun
75888,1.195643259356523E-4,Falkirk,Noun
75889,4.5154327259412564E-5,Scotland,Noun
75890,3.7929634897906556E-5,nothing,Noun
75891,3.6123461807530055E-5,Partick Thistle,Noun
75892,3.251111562677704E-5,lack,Noun
75893,3.070494253640055E-5,Akosombo,Noun
75894,2.709259635564754E-5,Carlisle United,Noun
75895,2.3480250174894536E-5,Peter Houston,Noun
75896,1.4449384723012023E-5,break,Noun
75897,1.0837038542259016E-5,strike,Noun
75898,7.269430859857747E-5,Claire Lauren Rafferty,Noun
75899,6.687876391069126E-5,ACL,Noun
75900,6.397099156674816E-5,Analyst,Noun
75901,5.524767453491888E-5,Chris Townsend OBE,Noun
75902,5.379378836294732E-5,anterior cruciate ligament,Noun
75903,1.1114699120983603E-4,digital media ambassadors,Noun
75904,4.507047133111803E-5,Millwall Lionesses,Noun
75905,4.3616585159146484E-5,2012 Olympics,Noun
75906,3.6347154299288735E-5,ACL injury.,Noun
75907,9.674981954815406E-5,Chelsea Ladies,Noun
75908,2.762383726745944E-5,left,Noun
75909,2.6169951095487885E-5,sleeves,Noun
75910,2.4716064923516333E-5,profile,Noun
75911,2.3262178751544784E-5,investment bank,Noun
75912,2.1808292579573242E-5,player squad,Noun
75913,2.035440640760169E-5,U19 squad,Noun
75914,1.4538861719715493E-5,Erica Cleary,Noun
75915,8.723317031829297E-6,U19,Noun
75916,4.361658515914649E-6,stage,Noun
75917,2.907772343943098E-6,pace,Noun
75918,1.453886171971549E-6,extra-time,Noun
75919,7.408553631210533E-5,Stephen McGinn,Noun
75920,6.371356122841057E-5,club captain,Noun
75921,5.778671832344214E-5,St Mirren Kilmarnock,Noun
75922,5.482329687095794E-5,Scottish League One,Noun
75923,5.334158614471584E-5,Celtic,Noun
75924,5.037816469223162E-5,sidelines,Noun
75925,4.7414743239747413E-5,Rangers,Noun
75926,4.2969611061021086E-5,fitness,Noun
75927,3.852447888229477E-5,Rugby Park,Noun
75928,3.5561057429810555E-5,border,Noun
75929,3.1115925251084235E-5,Jack McGinn,Noun
75930,2.3707371619873707E-5,Hibernian,Noun
75931,2.2225660893631598E-5,Dundee,Noun
75932,1.9262239441147387E-5,Paul,Noun
75933,1.6298817988663172E-5,Morton,Noun
75934,1.1853685809936853E-5,goal.,Noun
75935,1.9360211307981466E-4,Thomas Christopher Ince,Noun
75936,1.7036985951023688E-4,Paul Clement,Noun
75937,1.5332691026614728E-4,Ian Holloway,Noun
75938,3.8720422615962925E-5,Reading,Noun
75939,3.097633809277034E-5,league win,Noun
75940,8.654110580165243E-5,Juan Bernat Velasco,Noun
75941,8.134863945355328E-5,Benfica,Noun
75942,1.3497992052530097E-4,Valencia,Noun
75943,7.269452887338803E-5,Bayern Munich,Noun
75944,7.096370675735498E-5,Primeira Liga,Noun
75945,6.057877406115669E-5,ˈxwan beɾˈnat,Noun
75946,5.1924663480991454E-5,Yuri Berchiche,Noun
75947,4.846301924892536E-5,UEFA Champions League Final,Noun
75948,4.3270552900826215E-5,champion,Noun
75949,1.2197181202335233E-4,Bundesliga,Noun
75950,3.6347264436694014E-5,anterior cruciate ligament injury,Noun
75951,2.250068750842963E-5,youth system.,Noun
75952,1.903904327636353E-5,pre-season,Noun
75953,4.4993810783627723E-5,league appearance,Noun
75954,6.923288464132194E-6,home defeat,Noun
75955,8.448891199094858E-5,bench,Noun
75956,8.738816891266459E-5,Daniel González Güiza,Noun
75957,8.56404055344113E-5,scorer,Noun
75958,8.3892642156158E-5,Dani,Noun
75959,8.21448787779047E-5,Nuria Bermúdez,Noun
75960,7.340606188663825E-5,CD,Noun
75961,7.165829850838496E-5,Turkey,Noun
75962,6.816277175187839E-5,Kiko,Noun
75963,6.46672449953718E-5,Bernd Schuster,Noun
75964,9.998015376911169E-5,Getafe,Noun
75965,4.1946321078079E-5,Ángel Torres,Noun
75966,2.6216450673799377E-5,scorers,Noun
75967,2.446868729554608E-5,plans,Noun
75968,1.9225397160786205E-5,hometown,Noun
75969,1.747763378253292E-5,Rota,Noun
75970,1.3982107026026331E-5,flight striker,Noun
75971,1.223434364777304E-5,running,Noun
75972,1.048658026951975E-5,da'niel ˈɣwiθa,Noun
75973,7.372540027969062E-5,two,Noun
75974,1.7477633782532914E-6,attempt,Noun
75975,8.304902581255462E-5,Eduardo Ribeiro dos Santos,Noun
75976,7.972706478005245E-5,Piauí,Noun
75977,7.474412323129918E-5,São João,Noun
75978,7.142216219879698E-5,Campeonato Brasileiro Série C,Noun
75979,6.976118168254589E-5,Ríver,Noun
75980,6.643922065004372E-5,Guingamp,Noun
75981,2.009824516509311E-4,FC Metz,Noun
75982,5.979529858503935E-5,dos,Noun
75983,5.813431806878824E-5,RC Lens,Noun
75984,5.481235703628606E-5,Guingamp Metz River Fortaleza,Noun
75985,5.149039600378387E-5,admirers,Noun
75986,4.816843497128168E-5,triumph,Noun
75987,4.65074544550306E-5,football history,Noun
75988,4.648914087644037E-5,stints,Noun
75989,3.8202551873775124E-5,Grasshoppers,Noun
75990,3.155862980877076E-5,Richard Nuñez,Noun
75991,1.8270785678762016E-5,citizenship,Noun
75992,1.660980516251093E-5,Campinense,Noun
75993,1.4948824646259837E-5,Stade Rennais FC,Noun
75994,1.162686361375765E-5,Piauí.,Noun
75995,6.64392206500437E-6,Treze,Noun
75996,4.982941548753278E-6,Altos,Noun
75997,3.321961032502185E-6,Europe,Noun
75998,7.83041999479611E-5,Jérémy Choplin,Noun
75999,7.673811594900189E-5,Afa Football Association,Noun
76000,7.517203195004267E-5,Romain,Noun
76001,7.047377995316502E-5,Régional 1,Noun
76002,5.951119196045045E-5,Jérémy,Noun
76003,5.324685596461356E-5,Metz.,Noun
76004,5.168077196565435E-5,Gazélec Ajaccio.,Noun
76005,5.0114687966695115E-5,Championnat National 3,Noun
76006,4.385035197085823E-5,9 February 1985,Noun
76007,4.2284267971898994E-5,3 August 2021,Noun
76008,1.505269723123019E-4,1985,Noun
76009,1.4157833570619703E-4,Geoffrey Mujangi Bia,Noun
76010,1.3874676899207307E-4,Charleroi,Noun
76011,1.3591520227794907E-4,Union Saint-Gilloise,Noun
76012,1.274205021355773E-4,Virton,Noun
76013,1.1892580199320547E-4,child,Noun
76014,1.0759953513670971E-4,books,Noun
76015,2.0795763943814413E-4,Doncaster Rovers.,Noun
76016,9.627326828021397E-5,DR Congo,Noun
76017,8.494700142371818E-5,Slavoljub Muslin Bia,Noun
76018,7.362073456722244E-5,Standard Liège,Noun
76019,6.795760113897454E-5,Zellik,Noun
76020,6.512603442485061E-5,Brussels,Noun
76021,3.397880056948727E-5,KSC Lokeren,Noun
76022,7.541506079467543E-5,Vicente Guaita Panadero,Noun
76023,7.239845836288844E-5,Unai Emery,Noun
76024,6.63652534993144E-5,Roy Hodgson,Noun
76025,6.334865106752737E-5,Celta,Noun
76026,5.580714498805984E-5,biˈθente ˈɣwajta panaˈðeɾo,Noun
76027,4.8265638908592285E-5,Santiago Cañizares,Noun
76028,4.6757337692698775E-5,Monte-sión,Noun
76029,4.524903647680528E-5,César Sánchez,Noun
76030,4.2232434045018255E-5,Valencian Community,Noun
76031,4.0724132829124746E-5,Torrent,Noun
76032,1.960791580661562E-5,link,Noun
76033,9.049807295361055E-6,hand injury,Noun
76034,8.77059084540561E-5,Yannick Cahuzac,Noun
76035,8.419767211589386E-5,Toulouse,Noun
76036,7.893531760865048E-5,Pierre Cahuzac,Noun
76037,6.139413591783925E-5,fee transfer,Noun
76038,5.086942690335252E-5,transfer.,Noun
76039,7.040485348046187E-5,22,Noun
76040,4.7361190565190285E-5,July 2017,Noun
76041,4.560707239610915E-5,May 2019,Noun
76042,4.385295422702805E-5,10 May 2022,Noun
76043,3.859059971978468E-5,18 January 1985,Noun
76044,2.2803536198054577E-5,18,Noun
76045,5.0932453465595965E-5,2017,Noun
76046,6.508206728318784E-5,Rachel Elizabeth Unitt,Noun
76047,6.378042593752408E-5,London Bees,Noun
76048,1.3048549816128187E-4,Birmingham,Noun
76049,5.727221920920529E-5,FA Women's Championship,Noun
76050,5.466893651787778E-5,association,Noun
76051,4.165252306124021E-5,Solihull Moors L.F.C.,Noun
76052,3.514431633292143E-5,Rachel Yankey,Noun
76053,2.3429544221947613E-5,FA) International Player of the Year,Noun
76054,2.0826261530620104E-5,contract offer,Noun
76055,1.952462018495635E-5,Wolves Women,Noun
76056,9.111489419646296E-6,football club,Noun
76057,3.90492403699127E-6,UEFA Women's Championship,Noun
76058,8.789128069594853E-5,Julian Palmieri,Noun
76059,8.613345508202955E-5,Gazélec Ajaccio,Noun
76060,8.261780385419164E-5,Matthieu Udol,Noun
76061,7.910215262635371E-5,Lille,Noun
76062,1.4322792603122412E-4,SC Bastia,Noun
76063,6.503954771500192E-5,F.C.,Noun
76064,5.976607087324501E-5,ligaments.,Noun
76065,5.273476841756913E-5,Crotone,Noun
76066,4.570346596189324E-5,7 December 1986,Noun
76067,4.3945640347974265E-5,May 2012,Noun
76068,4.218781473405531E-5,10 January 2015,Noun
76069,4.042998912013634E-5,2 July 2016,Noun
76070,3.867216350621736E-5,November 2017,Noun
76071,3.584198546977539E-5,2016,Noun
76072,1.5820430525270735E-5,1986,Noun
76073,1.41567199142711E-4,Williams,Noun
76074,1.387358551598568E-4,Fara Tanya Franki Merrett MBE,Noun
76075,1.2741047922843992E-4,players.,Noun
76076,8.777166346848082E-5,specialist,Noun
76077,7.927763151991817E-5,Young Player of the Year,Noun
76078,7.361494355420974E-5,American National Women's Soccer League,Noun
76079,1.1364324886633343E-4,much,Noun
76080,6.795225558850128E-5,Shene School,Noun
76081,5.096419169137596E-5,Charlton Athletic,Noun
76082,4.530150372566752E-5,Premier League Cup,Noun
76083,8.858271045462089E-5,Leeds Carnegie,Noun
76084,3.114478381139642E-5,European Championships,Noun
76085,5.66268796570844E-6,World Cups,Noun
76086,2.83134398285422E-6,play-off,Noun
76087,1.8565780973548641E-4,Francesco Totti Ufficiale OMRI,Noun
76088,1.5966571637251835E-4,Luciano Spalletti,Noun
76089,1.5223940398309885E-4,Gildo Giannini,Noun
76090,1.3738677920425998E-4,2006 FIFA World Cup,Noun
76091,8.168943628361404E-5,Zdeněk Zeman,Noun
76092,6.683681150477512E-5,Giuseppe Giannini,Noun
76093,9.863013113712516E-5,goalscoring,Noun
76094,7.979605561695305E-5,Cristian Damián Battocchio,Noun
76095,6.54327656059015E-5,transfer fee,Noun
76096,5.904908115654526E-5,Indian Super League,Noun
76097,5.74531600442062E-5,Francesco Guidolin,Noun
76098,4.947355448251089E-5,Newell's Old Boys,Noun
76099,4.787763337017184E-5,Rosario,Noun
76100,4.6281712257832764E-5,Chennaiyin.,Noun
76101,4.468579114549372E-5,ˈkristjam batˈtɔkkjo,Noun
76102,4.3089870033154645E-5,Johan Walem,Noun
76103,2.87265800221031E-5,team move,Noun
76104,2.7130658909764037E-5,foot,Noun
76105,2.0746974460407793E-5,qualities,Noun
76106,1.915105334806873E-5,vision,Noun
76107,1.7555132235729674E-5,Palermo,Noun
76108,7.979605561695306E-6,team goals,Noun
76109,1.7753533125659105E-4,Karen Julia Carney MBE,Noun
76110,1.7398462463145923E-4,Emma Hayes,Noun
76111,1.0652119875395464E-4,Chicago Red Stars,Noun
76112,1.0297049212882281E-4,FA Women's Premier League,Noun
76113,9.941978550369099E-5,FA Young Player of the Year,Noun
76114,7.811554575290006E-5,sports columnist,Noun
76115,7.699732217399456E-5,Player of the Year,Noun
76116,1.6472487185613326E-4,2015 FIFA Women's World Cup,Noun
76117,5.326059937697732E-5,no-brainer,Noun
76118,4.9709892751845493E-5,Sky Sports,Noun
76119,4.615918612671368E-5,BBC Sport,Noun
76120,3.905777287645003E-5,trophies,Noun
76121,2.8405653001054572E-5,Birmingham City.,Noun
76122,2.4854946375922747E-5,ITV,Noun
76123,1.9277569512952044E-4,Magno Macedo Novaes,Noun
76124,1.8120915342174923E-4,Corsicans,Noun
76125,1.734981256165684E-4,São Paulo,Noun
76126,1.657870978113876E-4,Colbert Marlot,Noun
76127,1.5422055610361636E-4,third division,Noun
76128,1.5036504220102592E-4,Championnat National,Noun
76129,1.3494298659066432E-4,caretaker manager.,Noun
76130,1.2723195878548352E-4,choice,Noun
76131,1.0795438927253145E-4,flight.,Noun
76132,9.638784756476022E-5,conclusion,Noun
76133,8.867681975957941E-5,AS Moulins,Noun
76134,8.4821305856989E-5,AC Arles-Avignon,Noun
76135,7.711027805180818E-5,goalkeeper coach,Noun
76136,5.3977194636265725E-5,Amiens SC,Noun
76137,5.012168073367532E-5,AS Béziers,Noun
76138,4.24106529284945E-5,Mickaël Landreau,Noun
76139,3.855513902590409E-5,Trophées UNFP du football.,Noun
76140,0.00688724670551513,Frenchman,Noun
76141,3.084411122072327E-5,goalkeeper coach.,Noun
76142,6.663236676507637E-5,charge,Noun
76143,2.3133083415542452E-5,victories,Noun
76144,1.1566541707771226E-5,Béziers.,Noun
76145,1.5137877647458352E-4,Salim Moizini,Noun
76146,1.3018574776814181E-4,Comoros,Noun
76147,1.2413059670915848E-4,Lyon La-Duchère,Noun
76148,1.2110302117966681E-4,Comorian,Noun
76149,1.1807544565017517E-4,CA Bastia,Noun
76150,1.120202945911918E-4,17 October 1985,Noun
76151,1.0899271906170013E-4,November 2015,Noun
76152,2.0920469839230655E-4,Cristiano Ronaldo dos Santos Aveiro GOIH ComM,Noun
76153,2.008365104566143E-4,Lionel Messi,Noun
76154,4.8286421447433044E-4,Alex Ferguson,Noun
76155,1.4644328887461458E-4,fan of.,Noun
76156,1.338910069710762E-4,decision,Noun
76157,1.2552281903538396E-4,teenager,Noun
76158,1.213387250675378E-4,Euro 2016,Noun
76159,9.623416126046101E-5,bicycle kick,Noun
76160,8.786597332476876E-5,Al Nassr,Noun
76161,8.368187935692263E-5,Raúl,Noun
76162,7.112959745338424E-5,Euro 2004,Noun
76163,5.020912761415357E-5,Alan Hansen,Noun
76164,4.184093967846132E-5,Ronald Reagan,Noun
76165,2.9288657774922914E-5,European,Noun
76166,2.5104563807076786E-5,Isabel da Piedade,Noun
76167,2.092046983923066E-5,UEFA Champions Leagues,Noun
76168,1.6736375871384524E-5,Football League Cup,Noun
76169,1.2552281903538393E-5,bricklayer,Noun
76170,1.0112210853412578E-4,Alan Yelizbarovich Dzagoev,Noun
76171,9.909966636344323E-5,CSKA Moscow,Noun
76172,9.50547820220782E-5,Yunost,Noun
76173,9.30323398513957E-5,Russian Premier League,Noun
76174,8.696501333934816E-5,football fan,Noun
76175,8.494257116866563E-5,Gela,Noun
76176,8.292012899798311E-5,ɪf,Noun
76177,1.349680268099154E-4,debut season,Noun
76178,7.280791814457057E-5,Ossetian,Noun
76179,7.078547597388804E-5,youth team.,Noun
76180,6.674059163252299E-5,Russia,Noun
76181,6.067326512047546E-5,Valery Gazzaev,Noun
76182,5.662838077911042E-5,star,Noun
76183,5.460593860842791E-5,Дзӕгъойты Елизбары фырт Алан,Noun
76184,5.258349643774539E-5,Zarema Abayeva,Noun
76185,5.056105426706289E-5,2014 FIFA World Cup,Noun
76186,4.449372775501534E-5,ɐˈlan jɪljɪˈzbarəvjɪdʑ dzɐˈgo,Noun
76187,4.2471285584332814E-5,Italians,Noun
76188,6.772524083262722E-5,2018 FIFA World Cup,Noun
76189,4.634020594206884E-5,way,Noun
76190,3.6403959072285284E-5,award,Noun
76191,3.438151690160275E-5,sons,Noun
76192,3.033663256023773E-5,streets,Noun
76193,2.831419038955521E-5,grade,Noun
76194,2.6291748218872696E-5,elementary school,Noun
76195,2.4269306048190186E-5,Best Young Player,Noun
76196,2.022442170682515E-5,North Ossetia.,Noun
76197,1.8201979536142642E-5,Spartak Moscow,Noun
76198,6.0673265120475464E-6,Terek Beslan,Noun
76199,4.04488434136503E-6,home match,Noun
76200,9.741570506777467E-5,Mame Biram Diouf,Noun
76201,9.351907686506368E-5,Pape Paté Diouf,Noun
76202,9.157076276370821E-5,Göztepe,Noun
76203,8.572582045964172E-5,Brann,Noun
76204,7.793256405421974E-5,TFF First League,Noun
76205,2.5570138531547E-4,Molde,Noun
76206,4.0914596128465366E-5,home debut,Noun
76207,2.9224711520332402E-5,Africa Cup of Nations,Noun
76208,3.8966282027109864E-6,point,Noun
76209,3.932462794094508E-5,Agustín Héctor Castro Rodríguez,Noun
76210,3.853813538212618E-5,coach.,Noun
76211,3.775164282330728E-5,Nacional,Noun
76212,3.617865770566947E-5,Peñarol,Noun
76213,3.460567258803167E-5,saw,Noun
76214,3.303268747039387E-5,El manco,Noun
76215,3.224619491157497E-5,Braulio Castro,Noun
76216,3.1459702352756065E-5,championship match,Noun
76217,3.067320979393716E-5,Uruguayan,Noun
76218,2.9886717235118263E-5,Peru,Noun
76219,2.910022467629936E-5,allowance,Noun
76220,2.8313732117480458E-5,playoff,Noun
76221,2.7527239558661556E-5,sessions,Noun
76222,2.595425444102375E-5,forearm,Noun
76223,2.516776188220485E-5,doors,Noun
76224,2.3594776764567054E-5,Telésforo Rodríguez,Noun
76225,2.280828420574815E-5,Montevideo,Noun
76226,2.044880652929144E-5,League Board,Noun
76227,1.7302836294015834E-5,controversy,Noun
76228,1.6516343735196935E-5,sendings-off,Noun
76229,1.3370373499921327E-5,hat-trick,Noun
76230,1.1797388382283527E-5,goalless.,Noun
76231,9.43791070582682E-6,referee,Noun
76232,6.291940470551212E-6,medicine cabinet,Noun
76233,5.505447911732312E-6,kinesiologist,Noun
76234,4.71895535291341E-6,build-up,Noun
76235,3.932462794094508E-6,hand,Noun
76236,1.572985117637803E-6,Uruguayan Championship,Noun
76237,1.0019866262755148E-4,David Olatukunbo Alaba,Noun
76238,9.819468937500046E-5,Bayern,Noun
76239,9.218276961734737E-5,Austrian,Noun
76240,7.214303709183709E-5,UEFA Euro 2016,Noun
76241,6.732186763452564E-5,German,Noun
76242,5.009933131377574E-5,prince,Noun
76243,4.8095358061224706E-5,world,Noun
76244,3.6071518545918546E-5,ability,Noun
76245,3.206357204081648E-5,trebles,Noun
76246,2.805562553571442E-5,ˈdeɪvɪd ˈalaba,Noun
76247,1.603178602040824E-5,Austrian Footballer of the Year,Noun
76248,1.402781276785721E-5,roles,Noun
76249,5.2754411637900846E-5,versatility,Noun
76250,1.0020879486916006E-4,Adam Edward Miller,Noun
76251,1.896326267799952E-4,Mark Stimson,Noun
76252,1.6416271994252482E-4,Gillingham,Noun
76253,7.816285999794483E-5,Aldershot Town,Noun
76254,7.215033230579526E-5,The Stanway School,Noun
76255,6.413362871626245E-5,FA Trophy,Noun
76256,6.012527692149604E-5,district,Noun
76257,5.611692512672964E-5,trainee.,Noun
76258,5.4112749229346424E-5,Ipswich Town,Noun
76259,5.210857333196324E-5,town.,Noun
76260,4.208769384504722E-5,swap deal,Noun
76261,4.008351794766403E-5,Hemel Hempstead,Noun
76262,3.8079342050280826E-5,Monkwick,Noun
76263,3.4070990255514426E-5,England National Game XI,Noun
76264,1.2380722568798908E-4,Football League,Noun
76265,2.0041758973832014E-6,Wembley Stadium,Noun
76266,1.4727992405830107E-4,Fousseni Diawara,Noun
76267,1.3844312861480303E-4,Guinea,Noun
76268,1.3255193165247098E-4,Red Star 93,Noun
76269,1.237151362089729E-4,Kaba Diawara,Noun
76270,1.2076953772780688E-4,Mali,Noun
76271,8.542235595381462E-5,Panionios F.C.,Noun
76272,8.247675747264861E-5,FC Istres,Noun
76273,7.95311589914826E-5,Rennes,Noun
76274,7.658556051031657E-5,AS Saint-Étienne,Noun
76275,7.363996202915053E-5,Parisien,Noun
76276,6.77487650668185E-5,assistant coach,Noun
76277,5.302077266098839E-5,team coordinator,Noun
76278,4.418397721749032E-5,Samba,Noun
76279,4.1238378736324306E-5,Abdoulaye.,Noun
76280,3.8292780255158286E-5,16 June 2010,Noun
76281,7.528588641774671E-5,2001,Noun
76282,2.6510386330494195E-5,2000,Noun
76283,2.3564787849328176E-5,January 2008,Noun
76284,2.0619189368162153E-5,10 September 2009,Noun
76285,1.767359088699613E-5,28 August 1980,Noun
76286,1.1782393924664088E-5,"December 12, 2023",Noun
76287,2.945598481166022E-6,2.5,Noun
76288,9.533896296489949E-5,Alan John Julian,Noun
76289,8.961862518700553E-5,Hampton & Richmond Borough,Noun
76290,8.771184592770754E-5,National League South,Noun
76291,8.00847288905156E-5,Dartford,Noun
76292,5.529659851964171E-5,Eight,Noun
76293,5.338981926034372E-5,Brentford,Noun
76294,4.957626074174774E-5,Conference Premier,Noun
76295,3.8135585185959795E-5,Billericay Town,Noun
76296,3.622880592666181E-5,Britannia Stadium,Noun
76297,2.669490963017186E-5,Danny Potter,Noun
76298,2.478813037087387E-5,Sutton United,Noun
76299,1.525423407438392E-5,Graham Westley,Noun
76300,1.334745481508593E-5,tenure,Noun
76301,1.1440675555787941E-5,Bromley,Noun
76302,1.0501265896225048E-4,Laura Bassett,Noun
76303,9.871189942451545E-5,FA Women's Premier League Northern Division,Noun
76304,9.451139306602542E-5,Canberra United,Noun
76305,6.300759537735027E-5,Saede,Noun
76306,6.090734219810527E-5,UEFA Women's Euro 2017,Noun
76307,5.6706835839615256E-5,Australian,Noun
76308,5.250632948112524E-5,UEFA Women's Euro 2013,Noun
76309,3.780455722641017E-5,pupil,Noun
76310,1.4701772254715068E-5,commentary team,Noun
76311,6.300759537735029E-6,Marc Skinner,Noun
76312,8.412040375643135E-5,Nicaraguan,Noun
76313,8.240366082262662E-5,Samuel Israel Wilson Rostrán,Noun
76314,8.068691788882191E-5,UNAN Managua,Noun
76315,7.897017495501719E-5,Nicaraguan Primera División,Noun
76316,7.553668908740774E-5,Afro-Nicaraguan,Noun
76317,6.35194885507747E-5,league game,Noun
76318,5.1502288014141646E-5,UNCAF Nations Cup,Noun
76319,4.9785545080336924E-5,Scorpión,Noun
76320,4.806880214653221E-5,Walter Ferretti,Noun
76321,4.4635316278922765E-5,Chinandega.,Noun
76322,4.120183041131331E-5,Estelí,Noun
76323,3.9485087477508593E-5,Liga Nacional de Fútbol de Honduras.,Noun
76324,3.776834454370387E-5,Atlético Olanchano,Noun
76325,3.2618115742289706E-5,El Salvador,Noun
76326,3.0901372808484985E-5,Guatemala,Noun
76327,2.9184629874680266E-5,UNCAF Nations Cups,Noun
76328,2.7467886940875548E-5,CONCACAF Gold Cup.,Noun
76329,2.4034401073266104E-5,qualification,Noun
76330,2.2317658139461383E-5,FIFA World Cup,Noun
76331,2.0600915205656654E-5,12 January 2014,Noun
76332,1.7167429338047217E-5,"April 9, 1983",Noun
76333,1.5450686404242492E-5,May 2001,Noun
76334,1.3733943470437774E-5,December 2013,Noun
76335,2.058378009555787E-5,2013,Noun
76336,9.645969558839815E-5,Sylvain Marchal,Noun
76337,8.681372602955832E-5,FC Lorient,Noun
76338,7.909695038248647E-5,LB Châteauroux,Noun
76339,7.716775647071852E-5,AS Monaco,Noun
76340,6.752178691187871E-5,favour,Noun
76341,6.559259300011073E-5,lineup,Noun
76342,1.0861076629824082E-4,Corsican,Noun
76343,3.858387823535926E-5,Bastia.,Noun
76344,2.8937908676519436E-5,August 2004,Noun
76345,2.5079520852983517E-5,10 February 1980,Noun
76346,2.3150326941215556E-5,17 June 2010,Noun
76347,2.1221133029447588E-5,30 June 2013,Noun
76348,1.929193911767963E-5,27 July 2012,Noun
76349,1.7362745205911665E-5,February 2016,Noun
76350,1.350435738237574E-5,06,Noun
76351,9.645969558839815E-6,1999,Noun
76352,1.929193911767963E-6,07,Noun
76353,4.8385328968614704E-5,Primera División de Argentina,Noun
76354,4.6449915809870114E-5,Uruguayan footballer.,Noun
76355,4.5482209230497825E-5,Uruguay,Noun
76356,4.451450265112553E-5,retired,Noun
76357,4.2579089492380933E-5,Spanish pronunciation,Noun
76358,4.1611382913008645E-5,Paysandú,Noun
76359,4.064367633363635E-5,Juan Martín Parodi,Noun
76360,3.9675969754264055E-5,Colón,Noun
76361,3.870826317489177E-5,Toros Neza,Noun
76362,3.774055659551947E-5,Beta,Noun
76363,3.5805143436774875E-5,Deportivo Pereira,Noun
76364,3.483743685740259E-5,Ethniki.,Noun
76365,3.386973027803029E-5,Colombian,Noun
76366,3.290202369865799E-5,Olympiakos Volou,Noun
76367,3.0966610539913414E-5,"Mexico and Greece, notably playing for Nacional in the Primera División Uruguaya(2) as well as Deportivo Español",Noun
76368,2.9998903960541115E-5,1970s,Noun
76369,2.8063490801796522E-5,help,Noun
76370,2.709578422242423E-5,about,Noun
76371,2.6128077643051945E-5,Uruguay national football team during 2004.,Noun
76372,2.5160371063679643E-5,Wikipedia by expanding it,Noun
76373,2.4192664484307352E-5,This,Noun
76374,2.3224957904935057E-5,22 September 1974,Noun
76375,2.2257251325562765E-5,2004,Noun
76376,2.0321838166818175E-5,1974,Noun
76377,1.596268686571888E-4,Adrien Thibault Marie Rabiot,Noun
76378,1.500492565377575E-4,Noël Le Graët,Noun
76379,8.300597170173819E-5,Véronique,Noun
76380,7.342835958230684E-5,treble,Noun
76381,7.02358222091631E-5,second,Noun
76382,5.746567271658799E-5,Carlo Ancelotti,Noun
76383,5.108059797030043E-5,UEFA Euro 2020,Noun
76384,3.8310448477725325E-5,spaces,Noun
76385,1.9155224238862662E-5,attitude,Noun
76386,6.882104612831022E-5,youth football,Noun
76387,1.2770149492575108E-5,routing,Noun
76388,7.913804699101054E-5,Dunia Susi,Noun
76389,6.805872041226906E-5,Enfield Ladies,Noun
76390,6.489319853262865E-5,World University Games.,Noun
76391,5.85621547733478E-5,colleagues,Noun
76392,5.381387195388717E-5,Fulham Ladies,Noun
76393,3.7986262555685064E-5,legacy numbers,Noun
76394,3.007245785658401E-5,anniversary,Noun
76395,2.5324175037123376E-5,replacement,Noun
76396,2.215865315748295E-5,Jess O'Dwyer.,Noun
76397,2.057589221766274E-5,Emma Delves,Noun
76398,1.8993131277842532E-5,Kylie Davies,Noun
76399,1.741037033802232E-5,Richmond Kickers Destiny,Noun
76400,1.5827609398202107E-5,United States,Noun
76401,1.4244848458381899E-5,England.,Noun
76402,9.496565638921266E-6,Ifeoma Dieke,Noun
76403,6.331043759280844E-6,excellence,Noun
76404,3.165521879640422E-6,team experience,Noun
76405,9.202391101501837E-5,Arnaud Maire,Noun
76406,7.91405634729158E-5,club gain promotion,Noun
76407,7.545960703231506E-5,Besançon RC,Noun
76408,6.441673771051286E-5,bench.,Noun
76409,6.073578126991213E-5,6 March 1979,Noun
76410,4.6011955507509185E-5,1979,Noun
76411,8.259118634779898E-5,Laureano Ruiz Quevedo,Noun
76412,7.433206771301908E-5,Cantabria,Noun
76413,7.268024398606311E-5,Escobedo de Villafufre,Noun
76414,7.102842025910712E-5,Gimnástica de Torrelavega,Noun
76415,6.111747789737124E-5,UP Langreo,Noun
76416,5.781383044345928E-5,experiences,Noun
76417,5.6162006716503305E-5,duties,Noun
76418,5.1206535535635366E-5,former,Noun
76419,4.955471180867938E-5,cantera,Noun
76420,4.459924062781144E-5,youth facilities,Noun
76421,4.129559317389949E-5,wins,Noun
76422,3.1384650812163604E-5,professionals,Noun
76423,2.973282708520763E-5,Generalitat of Catalonia,Noun
76424,1.4866413542603815E-5,Santiago Bernabéu Stadium,Noun
76425,1.1562766088691859E-5,Hennes,Noun
76426,8.259118634779897E-6,FC Barcelona B,Noun
76427,2.1358876945856996E-4,Solskjær,Noun
76428,1.8795811712354153E-4,ˈûːlə ˈɡʉ̂nːɑr ˈsûːlʂæːr,Noun
76429,1.6232746478851316E-4,Tippeligaen,Noun
76430,1.5378391401017034E-4,scoring,Noun
76431,1.4096858784265617E-4,FA Cup,Noun
76432,1.1960971089679919E-4,Old Trafford,Noun
76433,1.0252260934011358E-4,Cardiff City,Noun
76434,5.126130467005679E-5,Tottenham Hotspur,Noun
76435,2.2333501731719855E-4,Antonio Candreva,Noun
76436,2.1440161662451056E-4,Salernitana,Noun
76437,2.0546821593182263E-4,Lazio,Noun
76438,1.8760141454644675E-4,Ternana,Noun
76439,0.004069748881269272,youth teams,Noun
76440,1.0720080831225528E-4,loan deal,Noun
76441,8.040060623419147E-5,anˈtɔːnjo kanˈdrɛːva,Noun
76442,5.8067104502471616E-5,Parma,Noun
76443,5.815678787188429E-5,medal,Noun
76444,4.466700346343971E-5,Livorno,Noun
76445,3.573360277075176E-5,village,Noun
76446,2.680020207806382E-5,grandfather,Noun
76447,1.340010103903191E-5,Alessandro Del Piero,Noun
76448,8.93340069268794E-6,2013 FIFA Confederations Cup,Noun
76449,4.46670034634397E-6,Serie C1,Noun
76450,1.127885507762577E-4,Mick Bates,Noun
76451,9.474238265205647E-5,Don Revie,Noun
76452,9.023084062100615E-5,squad player,Noun
76453,8.571929858995583E-5,apprentice,Noun
76454,8.34635275744307E-5,Elland Road,Noun
76455,7.669621452785524E-5,sides,Noun
76456,6.992890148127977E-5,places,Noun
76457,5.865004640365401E-5,score-line,Noun
76458,5.4138504372603696E-5,eleven,Noun
76459,5.1882733357078544E-5,forms,Noun
76460,4.5115420310503074E-5,Armthorpe,Noun
76461,4.060387827945278E-5,action,Noun
76462,2.9325023201827003E-5,Turin,Noun
76463,2.7069252186301848E-5,Fairs Cup Final,Noun
76464,2.4813481170776696E-5,Johnny Giles,Noun
76465,2.2557710155251537E-5,Billy Bremner,Noun
76466,2.030193913972639E-5,insurance,Noun
76467,1.3534626093150924E-5,Doncaster Rovers,Noun
76468,6.767313046575462E-6,fact,Noun
76469,4.5115420310503074E-6,knee injuries,Noun
76470,2.2557710155251537E-6,repetition,Noun
76472,0.008565683850489772,Thierry Daniel Henry,Noun
76473,0.008051742819460386,Arsène Wenger,Noun
76474,0.006681233403382021,Arnold Catalano,Noun
76475,0.00565335134132325,CO Les Ulis,Noun
76476,0.004282841925244886,Belgium,Noun
76477,0.00411152824823509,PFA Players' Player of the Year,Noun
76478,0.0037689008942154998,David Beckham,Noun
76479,0.003597587217205704,2002 FIFA World Cup,Noun
76480,0.0034262735401959085,list,Noun
76481,0.0032549598631861124,Antoine,Noun
76482,0.002912332509166522,Monaco,Noun
76483,0.0022270778011273407,Jean-Marie Panza,Noun
76484,0.0018844504471077499,record goalscorer,Noun
